node_id;d+;d-;fc+;fc-;ft+;ft-;c+;c-;gr+;gr-;r+;r-;gi
0;0;6;0;1;0;1;117;0;0;4;0;6;0
1;0;1;0;1;0;0;0;0;0;1;0;1;0
2;0;5;0;1;0;1;71;0;0;3;0;5;0
3;0;4;0;1;0;1;169;0;0;3;0;4;0
5;0;5;0;1;0;1;191;0;0;3;0;5;0
6;0;16;0;2;0;2;275;0;0;4;0;18;0
7;0;9;0;2;0;2;1262;0;0;3;0;10;0
8;0;7;0;1;0;1;12;0;0;6;0;7;0
9;0;7;0;1;0;1;98;0;0;4;0;7;0
10;11;8;11;2;0;2;253;0;1;3;11;8;0
11;0;3;0;1;0;1;71;0;0;3;0;3;0
12;0;1;0;1;0;0;0;0;0;1;0;1;0
13;0;8;0;1;0;1;37;0;0;5;0;8;0
14;0;7;0;2;0;1;584;0;0;4;0;7;0
15;0;6;0;2;0;2;535;0;0;2;0;6;0
16;0;7;0;1;0;1;174;0;0;5;0;7;0
17;0;6;0;1;0;1;125;0;0;4;0;7;0
18;0;10;0;1;0;1;106;0;0;5;0;10;0
19;0;4;0;1;0;1;115;0;0;3;0;4;0
20;0;10;0;2;0;2;880;0;0;3;0;10;0
21;0;10;0;1;0;1;142;0;0;4;0;10;0
22;0;1;0;1;0;0;0;0;0;1;0;1;0
23;0;4;0;2;0;1;37;0;0;3;0;4;0
24;0;4;0;1;0;1;127;0;0;3;0;4;0
25;0;7;0;1;0;1;803;0;0;3;0;7;0
26;0;3;0;1;0;1;29;0;0;3;0;3;0
27;0;5;0;1;0;1;236;0;0;4;0;5;0
28;1;2;1;1;0;1;117;0;1;2;1;2;0
29;0;14;0;1;0;1;7;0;0;5;0;16;0
30;0;8;0;1;0;1;139;0;0;4;0;8;0
31;0;5;0;1;0;1;139;0;0;3;0;5;0
32;0;3;0;1;0;1;4;0;0;2;0;3;0
33;11;9;11;2;0;2;466;0;1;5;11;10;0
34;0;5;0;1;0;1;130;0;0;3;0;5;0
35;0;4;0;1;0;1;47;0;0;3;0;4;0
36;0;10;0;1;0;1;246;0;0;4;0;10;0
37;0;2;0;1;0;1;111;0;0;2;0;2;0
38;0;5;0;2;0;1;73;0;0;3;0;5;0
39;67;11;1;3;1;3;689;15;4;5;67;13;1
40;0;9;0;1;0;1;4;0;0;6;0;9;0
41;0;11;0;1;0;1;397;0;0;4;0;11;0
42;0;10;0;2;0;1;91;0;0;4;0;10;0
43;0;3;0;1;0;1;26;0;0;2;0;3;0
44;0;6;0;2;0;2;135;0;0;3;0;6;0
45;0;8;0;1;0;1;238;0;0;4;0;8;0
46;0;1;0;1;0;0;0;0;0;1;0;1;0
47;0;3;0;1;0;1;112;0;0;2;0;3;0
48;0;4;0;2;0;2;163;0;0;2;0;4;0
49;0;6;0;1;0;1;627;0;0;4;0;7;0
50;2;23;2;4;0;4;349;0;1;5;2;28;0
51;0;6;0;1;0;1;24;0;0;4;0;6;0
52;0;3;0;1;0;1;10;0;0;3;0;3;0
53;0;8;0;2;0;2;152;0;0;3;0;8;0
54;2;4;2;1;0;1;239;0;1;3;2;4;0
55;0;9;0;1;0;1;29;0;0;5;0;9;0
56;0;8;0;1;0;1;98;0;0;4;0;8;0
57;0;6;0;2;0;2;399;0;0;3;0;7;0
58;0;3;0;1;0;1;142;0;0;3;0;3;0
59;7;13;7;2;0;2;88;0;1;5;7;13;0
60;0;7;0;1;0;1;71;0;0;4;0;7;0
61;0;7;0;1;0;1;117;0;0;4;0;7;0
62;0;2;0;2;0;0;0;0;0;1;0;2;0
63;0;2;0;1;0;1;1002;0;0;2;0;2;0
64;0;10;0;1;0;1;204;0;0;4;0;10;0
65;0;5;0;2;0;1;166;0;0;3;0;5;0
66;0;3;0;1;0;1;66;0;0;2;0;3;0
67;0;7;0;1;0;1;874;0;0;3;0;7;0
68;0;5;0;2;0;2;156;0;0;3;0;5;0
69;0;1;0;1;0;0;0;0;0;1;0;1;0
70;0;4;0;1;0;1;80;0;0;3;0;4;0
71;0;7;0;1;0;1;118;0;0;4;0;7;0
72;30;6;22;2;1;2;525;2;2;3;30;6;1
73;28;2;20;1;3;1;30;0;2;2;28;2;1
74;0;4;0;1;0;1;58;0;0;3;0;4;0
75;0;12;0;1;0;1;287;0;0;9;0;13;0
76;0;18;0;1;0;1;83;0;0;5;0;19;0
77;0;4;0;1;0;1;119;0;0;3;0;4;0
78;0;7;0;1;0;1;110;0;0;4;0;7;0
79;0;4;0;1;0;1;171;0;0;3;0;4;0
80;0;12;0;1;0;1;37;0;0;7;0;12;0
81;0;4;0;1;0;1;634;0;0;4;0;4;0
83;0;3;0;1;0;1;171;0;0;2;0;3;0
84;0;5;0;1;0;1;242;0;0;3;0;5;0
85;0;5;0;1;0;1;82;0;0;3;0;5;0
86;0;5;0;1;0;1;163;0;0;4;0;5;0
87;10;6;10;1;0;1;78;0;1;4;10;6;0
88;0;3;0;1;0;1;96;0;0;2;0;3;0
89;0;4;0;1;0;1;169;0;0;4;0;4;0
90;0;4;0;1;0;1;50;0;0;4;0;4;0
91;3;5;3;2;0;2;222;0;1;3;3;5;0
92;0;8;0;2;0;2;1431;0;0;4;0;9;0
93;0;7;0;1;0;1;11;0;0;5;0;7;0
94;0;8;0;1;0;1;396;0;0;4;0;8;0
95;0;6;0;1;0;1;107;0;0;4;0;7;0
96;0;6;0;1;0;1;86;0;0;4;0;6;0
97;0;5;0;1;0;1;46;0;0;3;0;5;0
98;0;9;0;2;0;2;499;0;0;3;0;9;0
99;9;4;9;1;0;1;168;0;1;3;9;4;0
100;0;1;0;1;0;0;0;0;0;1;0;1;0
101;0;0;0;0;0;0;0;0;0;0;0;0;0
102;0;2;0;1;0;1;102;0;0;2;0;2;0
103;26;8;14;2;2;1;359;2;2;4;26;8;2
104;0;6;0;1;0;1;42;0;0;4;0;6;0
105;0;5;0;1;0;1;47;0;0;4;0;5;0
106;8;4;8;2;0;2;138;0;1;2;8;4;0
107;3;4;3;1;0;1;429;0;1;3;3;4;0
108;0;8;0;1;0;1;323;0;0;4;0;8;0
109;0;8;0;1;0;1;115;0;0;4;0;8;0
110;0;7;0;1;0;1;382;0;0;4;0;7;0
111;0;4;0;1;0;1;58;0;0;3;0;4;0
112;0;6;0;2;0;2;121;0;0;2;0;6;0
113;0;2;0;1;0;1;28;0;0;2;0;2;0
114;0;13;0;2;0;1;940;0;0;5;0;13;0
115;0;7;0;1;0;1;247;0;0;3;0;7;0
116;0;3;0;1;0;1;134;0;0;3;0;3;0
117;0;8;0;2;0;1;257;0;0;5;0;10;0
118;0;9;0;2;0;2;673;0;0;3;0;9;0
119;0;5;0;1;0;1;366;0;0;3;0;5;0
120;0;4;0;1;0;1;162;0;0;2;0;4;0
121;0;4;0;1;0;1;342;0;0;3;0;4;0
122;0;9;0;1;0;1;210;0;0;5;0;9;0
123;0;3;0;1;0;1;130;0;0;2;0;3;0
124;0;10;0;1;0;1;65;0;0;4;0;10;0
125;0;4;0;1;0;1;195;0;0;4;0;4;0
126;0;4;0;1;0;1;9;0;0;4;0;4;0
127;0;9;0;1;0;1;14;0;0;5;0;9;0
128;0;6;0;1;0;1;148;0;0;3;0;6;0
129;0;1;0;1;0;0;0;0;0;1;0;1;0
130;0;2;0;1;0;1;211;0;0;2;0;2;0
131;10;2;10;1;0;1;619;0;1;2;10;2;0
132;0;5;0;1;0;1;530;0;0;4;0;5;0
133;1;18;1;4;0;3;1892;0;1;6;1;20;0
134;0;5;0;1;0;1;15;0;0;4;0;5;0
135;0;7;0;2;0;2;44;0;0;2;0;7;0
136;0;11;0;2;0;2;142;0;0;5;0;12;0
137;0;1;0;1;0;0;0;0;0;1;0;1;0
138;0;10;0;1;0;1;10;0;0;6;0;10;0
139;0;3;0;1;0;1;55;0;0;2;0;3;0
140;0;2;0;1;0;1;111;0;0;2;0;2;0
141;0;2;0;2;0;0;0;0;0;1;0;2;0
142;0;28;0;2;0;2;309;0;0;6;0;28;0
143;0;3;0;2;0;1;180;0;0;2;0;3;0
144;18;6;18;1;0;1;278;0;1;3;18;6;0
145;0;4;0;1;0;1;301;0;0;3;0;4;0
146;0;8;0;2;0;2;97;0;0;3;0;8;0
147;0;14;0;2;0;2;584;0;0;4;0;14;0
148;0;1;0;1;0;0;0;0;0;1;0;1;0
149;0;8;0;1;0;1;83;0;0;3;0;9;0
150;0;1;0;1;0;0;0;0;0;1;0;1;0
151;0;6;0;2;0;2;195;0;0;3;0;6;0
152;3;10;3;2;0;2;308;0;1;4;3;10;0
153;0;5;0;1;0;1;54;0;0;5;0;5;0
154;0;4;0;1;0;1;196;0;0;3;0;4;0
155;0;7;0;1;0;1;449;0;0;4;0;7;0
156;0;1;0;1;0;0;0;0;0;1;0;1;0
157;0;1;0;1;0;0;0;0;0;1;0;1;0
158;0;4;0;1;0;1;5;0;0;3;0;4;0
159;0;1;0;1;0;0;0;0;0;1;0;1;0
160;0;9;0;2;0;2;375;0;0;4;0;9;0
161;7;1;7;1;0;0;0;0;1;1;7;1;0
162;0;1;0;1;0;0;0;0;0;1;0;1;0
163;5;5;5;2;0;1;261;0;1;3;5;5;0
164;28;2;21;2;2;0;0;2;2;1;28;2;2
165;0;5;0;1;0;1;308;0;0;4;0;5;0
166;0;3;0;1;0;1;28;0;0;2;0;3;0
167;0;4;0;1;0;1;107;0;0;3;0;4;0
168;0;10;0;1;0;1;103;0;0;4;0;10;0
169;0;3;0;1;0;1;11;0;0;2;0;3;0
170;0;4;0;1;0;1;263;0;0;4;0;4;0
171;0;6;0;1;0;1;237;0;0;3;0;7;0
172;41;3;36;1;1;1;238;1;2;3;41;3;1
173;0;25;0;1;0;1;353;0;0;7;0;25;0
174;0;4;0;1;0;1;56;0;0;3;0;4;0
175;0;6;0;1;0;1;194;0;0;4;0;6;0
176;1;4;1;2;0;1;219;0;1;2;1;4;0
178;0;2;0;1;0;1;11;0;0;2;0;2;0
179;0;4;0;1;0;1;89;0;0;4;0;5;0
180;0;13;0;2;0;2;174;0;0;4;0;13;0
181;0;4;0;1;0;1;117;0;0;3;0;4;0
182;0;6;0;1;0;1;290;0;0;3;0;6;0
183;0;7;0;2;0;2;115;0;0;4;0;7;0
184;26;2;26;2;0;0;0;0;1;1;26;2;0
185;0;5;0;1;0;1;30;0;0;4;0;5;0
186;0;3;0;1;0;1;710;0;0;3;0;3;0
187;0;4;0;1;0;1;39;0;0;3;0;4;0
188;0;8;0;1;0;1;162;0;0;4;0;8;0
189;8;3;8;1;0;1;146;0;1;3;8;3;0
190;0;4;0;1;0;1;172;0;0;3;0;4;0
191;0;5;0;2;0;1;187;0;0;3;0;5;0
192;0;9;0;1;0;1;58;0;0;5;0;10;0
193;0;13;0;1;0;1;202;0;0;5;0;13;0
194;0;5;0;1;0;1;45;0;0;5;0;5;0
195;0;16;0;1;0;1;19;0;0;5;0;16;0
196;0;7;0;1;0;1;882;0;0;3;0;7;0
197;0;3;0;1;0;1;81;0;0;2;0;3;0
198;0;9;0;1;0;1;620;0;0;5;0;9;0
199;8;3;8;2;0;1;35;0;1;2;8;3;0
200;0;7;0;1;0;1;293;0;0;4;0;7;0
201;0;11;0;1;0;1;96;0;0;5;0;12;0
202;0;7;0;1;0;1;19;0;0;6;0;7;0
203;0;1;0;1;0;0;0;0;0;1;0;1;0
204;0;2;0;2;0;0;0;0;0;1;0;2;0
205;0;7;0;2;0;2;500;0;0;4;0;7;0
206;0;10;0;2;0;2;456;0;0;3;0;10;0
207;0;7;0;1;0;1;274;0;0;4;0;7;0
208;0;22;0;1;0;1;157;0;0;8;0;23;0
209;0;3;0;1;0;1;219;0;0;2;0;3;0
210;0;10;0;1;0;1;52;0;0;4;0;10;0
211;10;5;10;1;0;1;97;0;1;4;10;5;0
212;0;4;0;1;0;1;735;0;0;3;0;4;0
213;0;2;0;1;0;1;19;0;0;2;0;2;0
214;0;3;0;1;0;1;235;0;0;3;0;3;0
215;0;4;0;1;0;1;17;0;0;4;0;4;0
216;0;3;0;1;0;1;135;0;0;2;0;3;0
217;0;2;0;1;0;1;242;0;0;2;0;2;0
218;14;7;14;2;0;2;1273;0;1;3;14;7;0
219;0;5;0;1;0;1;133;0;0;3;0;5;0
220;0;7;0;1;0;1;177;0;0;4;0;7;0
221;0;3;0;1;0;1;61;0;0;2;0;3;0
222;0;10;0;1;0;1;59;0;0;4;0;10;0
223;0;7;0;1;0;1;23;0;0;6;0;7;0
224;0;8;0;2;0;2;702;0;0;3;0;8;0
225;0;5;0;1;0;1;323;0;0;4;0;6;0
226;0;7;0;1;0;1;75;0;0;4;0;7;0
227;0;8;0;1;0;1;185;0;0;5;0;8;0
228;0;2;0;1;0;1;241;0;0;2;0;2;0
229;0;6;0;1;0;1;148;0;0;3;0;6;0
230;0;5;0;1;0;1;162;0;0;3;0;5;0
231;0;4;0;1;0;1;216;0;0;3;0;4;0
232;3;11;3;2;0;2;1445;0;1;4;3;12;0
233;2;6;2;1;0;1;92;0;1;3;2;6;0
234;0;0;0;0;0;0;0;0;0;0;0;0;0
235;0;5;0;1;0;1;170;0;0;3;0;6;0
236;0;5;0;1;0;1;932;0;0;3;0;5;0
237;0;2;0;1;0;1;179;0;0;2;0;2;0
238;4;1;4;1;0;0;0;0;1;1;4;1;0
239;0;8;0;1;0;1;265;0;0;4;0;8;0
240;44;0;8;0;1;0;0;13;3;0;44;0;1
241;0;4;0;1;0;1;109;0;0;3;0;4;0
242;0;1;0;1;0;0;0;0;0;1;0;1;0
243;0;4;0;1;0;1;123;0;0;3;0;4;0
244;0;3;0;1;0;1;610;0;0;3;0;3;0
245;13;8;13;3;0;2;326;0;1;4;13;9;0
246;0;3;0;1;0;1;54;0;0;2;0;3;0
247;2;18;2;3;0;3;716;0;1;4;2;21;0
248;0;3;0;1;0;1;36;0;0;2;0;3;0
249;0;2;0;1;0;1;29;0;0;2;0;2;0
250;0;3;0;1;0;1;28;0;0;2;0;3;0
251;0;3;0;1;0;1;265;0;0;3;0;3;0
252;0;3;0;1;0;1;19;0;0;2;0;3;0
253;0;9;0;1;0;1;26;0;0;4;0;9;0
254;0;1;0;1;0;0;0;0;0;1;0;1;0
255;0;9;0;1;0;1;227;0;0;4;0;9;0
256;0;4;0;1;0;1;16;0;0;4;0;4;0
257;0;7;0;1;0;1;275;0;0;4;0;7;0
258;0;14;0;2;0;2;301;0;0;5;0;15;0
259;8;8;8;2;0;2;1661;0;1;4;8;8;0
260;11;6;11;2;0;2;1129;0;1;3;11;6;0
261;3;9;3;2;0;2;571;0;1;3;3;9;0
262;0;2;0;1;0;1;32;0;0;2;0;2;0
263;0;13;0;2;0;2;180;0;0;4;0;13;0
264;0;4;0;1;0;1;152;0;0;3;0;4;0
265;9;10;9;2;0;1;422;0;1;4;9;10;0
266;0;14;0;2;0;2;190;0;0;6;0;14;0
267;0;11;0;2;0;2;398;0;0;4;0;11;0
268;0;8;0;1;0;1;190;0;0;4;0;8;0
269;2;2;2;1;0;1;46;0;1;2;2;2;0
270;0;1;0;1;0;0;0;0;0;1;0;1;0
271;0;10;0;1;0;1;142;0;0;4;0;11;0
272;0;13;0;1;0;1;164;0;0;5;0;13;0
273;0;11;0;2;0;2;207;0;0;4;0;12;0
274;0;5;0;1;0;1;8;0;0;3;0;5;0
275;0;10;0;1;0;1;102;0;0;5;0;11;0
277;0;11;0;2;0;2;673;0;0;4;0;11;0
278;0;7;0;1;0;1;411;0;0;3;0;7;0
279;366;2;47;1;10;1;157;71;4;2;370;2;7
280;3;3;3;1;0;1;29;0;1;2;3;3;0
281;0;3;0;1;0;1;6;0;0;2;0;3;0
282;5;2;5;1;0;1;44;0;1;2;5;2;0
283;0;4;0;1;0;1;110;0;0;3;0;4;0
284;0;5;0;1;0;1;248;0;0;3;0;5;0
285;0;8;0;1;0;1;246;0;0;5;0;8;0
286;0;8;0;1;0;1;3;0;0;4;0;8;0
287;0;6;0;2;0;2;811;0;0;3;0;6;0
288;0;2;0;1;0;1;347;0;0;2;0;2;0
289;0;5;0;1;0;1;128;0;0;4;0;5;0
290;0;5;0;1;0;1;45;0;0;3;0;5;0
291;11;1;11;1;0;0;0;0;1;1;11;1;0
292;0;10;0;2;0;2;475;0;0;4;0;10;0
293;0;8;0;1;0;1;36;0;0;4;0;8;0
294;0;17;0;3;0;3;168;0;0;5;0;17;0
295;0;5;0;1;0;1;38;0;0;3;0;5;0
296;1;4;1;1;0;1;620;0;1;3;1;4;0
297;0;3;0;1;0;1;87;0;0;2;0;3;0
298;0;5;0;1;0;1;188;0;0;3;0;5;0
299;0;5;0;1;0;1;121;0;0;4;0;5;0
300;1;8;1;2;0;2;400;0;1;3;1;8;0
301;0;5;0;1;0;1;196;0;0;4;0;5;0
302;0;12;0;2;0;2;1007;0;0;3;0;13;0
303;0;3;0;1;0;1;30;0;0;2;0;3;0
304;0;4;0;1;0;1;186;0;0;3;0;4;0
305;0;9;0;1;0;1;229;0;0;4;0;9;0
306;0;6;0;1;0;1;78;0;0;4;0;6;0
307;0;7;0;2;0;2;525;0;0;3;0;7;0
308;0;1;0;1;0;0;0;0;0;1;0;1;0
309;0;9;0;1;0;1;201;0;0;4;0;9;0
310;0;8;0;1;0;1;41;0;0;4;0;8;0
311;0;4;0;1;0;1;14;0;0;4;0;4;0
312;1;3;1;1;0;1;19;0;1;2;1;3;0
313;0;16;0;1;0;1;59;0;0;8;0;19;0
314;19;3;16;2;1;1;29;1;2;2;19;3;1
315;0;10;0;1;0;1;275;0;0;4;0;10;0
316;0;2;0;1;0;1;16;0;0;2;0;2;0
317;0;7;0;1;0;1;20;0;0;4;0;7;0
318;0;10;0;1;0;1;11;0;0;6;0;11;0
319;0;7;0;1;0;1;124;0;0;4;0;7;0
320;2;5;2;1;0;1;7;0;1;5;2;5;0
321;0;8;0;1;0;1;21;0;0;4;0;9;0
322;0;12;0;1;0;1;77;0;0;5;0;13;0
323;0;12;0;1;0;1;79;0;0;5;0;12;0
324;0;9;0;1;0;1;82;0;0;4;0;9;0
325;0;7;0;2;0;2;193;0;0;4;0;7;0
326;0;2;0;1;0;1;62;0;0;2;0;2;0
327;0;11;0;1;0;1;397;0;0;4;0;11;0
328;0;3;0;1;0;1;124;0;0;2;0;3;0
329;0;3;0;1;0;1;80;0;0;3;0;3;0
330;0;6;0;2;0;2;197;0;0;3;0;6;0
331;17;5;17;1;0;1;219;0;1;3;17;5;0
332;0;11;0;1;0;1;77;0;0;5;0;11;0
333;0;1;0;1;0;0;0;0;0;1;0;1;0
334;0;4;0;1;0;1;23;0;0;3;0;4;0
335;0;1;0;1;0;0;0;0;0;1;0;1;0
336;0;6;0;1;0;1;78;0;0;4;0;6;0
337;5;2;5;2;0;0;0;0;1;1;5;2;0
338;0;4;0;1;0;1;210;0;0;4;0;4;0
339;0;6;0;2;0;1;115;0;0;3;0;6;0
340;0;3;0;1;0;1;406;0;0;3;0;3;0
341;0;7;0;1;0;1;33;0;0;3;0;7;0
342;3;1;3;1;0;0;0;0;1;1;3;1;0
343;0;8;0;1;0;1;39;0;0;5;0;8;0
344;2;2;2;2;0;0;0;0;1;1;2;2;0
345;0;7;0;1;0;1;239;0;0;4;0;7;0
346;0;4;0;1;0;1;501;0;0;4;0;5;0
347;0;1;0;1;0;0;0;0;0;1;0;1;0
348;0;7;0;1;0;1;535;0;0;4;0;7;0
349;0;4;0;1;0;1;30;0;0;4;0;4;0
350;30;3;27;1;2;1;66;2;2;2;30;3;1
351;1;3;1;2;0;1;20;0;1;2;1;3;0
352;0;3;0;1;0;1;242;0;0;2;0;3;0
353;0;0;0;0;0;0;0;0;0;0;0;0;0
354;0;6;0;2;0;2;34;0;0;2;0;6;0
355;0;1;0;1;0;0;0;0;0;1;0;1;0
356;0;10;0;1;0;1;199;0;0;4;0;10;0
357;0;4;0;1;0;1;37;0;0;3;0;4;0
358;4;2;4;1;0;1;1002;0;1;2;4;2;0
359;0;3;0;1;0;1;7;0;0;3;0;3;0
360;0;11;0;1;0;1;209;0;0;5;0;12;0
361;0;16;0;2;0;2;87;0;0;6;0;16;0
362;0;3;0;2;0;1;29;0;0;2;0;3;0
363;0;6;0;1;0;1;341;0;0;3;0;6;0
364;75;7;34;2;4;1;880;15;2;3;75;7;4
365;0;6;0;2;0;2;501;0;0;3;0;6;0
366;0;8;0;1;0;1;58;0;0;4;0;8;0
367;0;4;0;1;0;1;238;0;0;3;0;4;0
368;0;3;0;2;0;1;314;0;0;2;0;3;0
369;0;0;0;0;0;0;0;0;0;0;0;0;0
370;0;5;0;2;0;2;88;0;0;3;0;5;0
371;59;5;32;2;5;1;424;7;2;3;60;5;3
372;1;5;1;1;0;1;47;0;1;4;1;5;0
373;3;11;3;2;0;2;976;0;1;3;3;11;0
374;0;5;0;1;0;1;27;0;0;3;0;5;0
375;0;6;0;1;0;1;343;0;0;3;0;6;0
376;0;1;0;1;0;0;0;0;0;1;0;1;0
377;0;9;0;2;0;2;77;0;0;4;0;10;0
378;0;3;0;1;0;1;104;0;0;2;0;3;0
379;9;1;9;1;0;0;0;0;1;1;9;1;0
380;0;5;0;1;0;1;87;0;0;4;0;5;0
381;1;5;1;1;0;1;64;0;1;3;1;5;0
382;0;7;0;2;0;2;341;0;0;4;0;7;0
383;0;7;0;1;0;1;253;0;0;4;0;7;0
384;0;4;0;1;0;1;94;0;0;3;0;4;0
385;0;3;0;1;0;1;83;0;0;2;0;3;0
386;0;6;0;1;0;1;172;0;0;3;0;6;0
387;0;3;0;1;0;1;3;0;0;2;0;3;0
388;0;11;0;1;0;1;55;0;0;5;0;11;0
389;0;8;0;1;0;1;62;0;0;4;0;9;0
390;0;5;0;1;0;1;420;0;0;3;0;5;0
391;0;2;0;1;0;1;49;0;0;2;0;2;0
392;106;3;28;1;8;1;85;18;2;2;106;3;6
393;0;7;0;1;0;1;290;0;0;3;0;7;0
394;0;3;0;1;0;1;11;0;0;3;0;3;0
395;0;12;0;1;0;1;36;0;0;5;0;12;0
396;9;5;9;1;0;1;301;0;1;3;9;5;0
397;0;8;0;1;0;1;156;0;0;5;0;8;0
398;0;21;0;1;0;1;23;0;0;6;0;21;0
399;5;12;5;2;0;2;848;0;1;4;5;12;0
400;12;2;12;1;0;1;28;0;1;2;12;2;0
401;0;9;0;2;0;2;833;0;0;3;0;9;0
402;0;4;0;1;0;1;65;0;0;3;0;4;0
403;0;3;0;1;0;1;243;0;0;3;0;3;0
404;0;8;0;2;0;2;1036;0;0;4;0;8;0
405;0;5;0;1;0;1;123;0;0;4;0;5;0
406;0;3;0;1;0;1;90;0;0;2;0;3;0
407;0;7;0;2;0;2;90;0;0;3;0;8;0
408;0;4;0;1;0;1;22;0;0;2;0;4;0
409;0;6;0;2;0;2;59;0;0;2;0;6;0
410;0;3;0;1;0;1;189;0;0;3;0;3;0
411;2;21;2;4;0;2;826;0;1;5;2;21;0
412;0;3;0;1;0;1;96;0;0;2;0;3;0
413;0;5;0;1;0;1;242;0;0;3;0;5;0
414;0;4;0;1;0;1;72;0;0;4;0;4;0
415;0;4;0;1;0;1;413;0;0;3;0;4;0
416;0;4;0;1;0;1;111;0;0;3;0;4;0
417;0;3;0;1;0;1;449;0;0;3;0;3;0
418;15;6;4;2;1;1;297;0;2;3;15;6;1
419;0;14;0;3;0;3;344;0;0;6;0;15;0
420;0;4;0;1;0;1;32;0;0;3;0;4;0
421;0;7;0;1;0;1;576;0;0;3;0;7;0
422;0;21;0;2;0;2;306;0;0;4;0;21;0
423;0;9;0;1;0;1;378;0;0;4;0;9;0
424;0;6;0;1;0;1;141;0;0;3;0;7;0
425;0;7;0;1;0;1;157;0;0;3;0;7;0
426;3;9;3;1;0;1;351;0;1;5;3;9;0
427;0;14;0;1;0;1;108;0;0;6;0;14;0
428;0;5;0;1;0;1;131;0;0;4;0;6;0
429;0;14;0;1;0;1;1305;0;0;9;0;15;0
430;0;5;0;1;0;1;123;0;0;4;0;5;0
431;0;10;0;1;0;1;52;0;0;5;0;10;0
432;0;9;0;1;0;1;64;0;0;5;0;9;0
433;0;5;0;2;0;1;1482;0;0;3;0;5;0
434;0;6;0;1;0;1;183;0;0;3;0;6;0
435;0;5;0;2;0;1;464;0;0;3;0;5;0
436;0;10;0;2;0;2;307;0;0;5;0;10;0
437;0;5;0;1;0;1;22;0;0;4;0;6;0
438;3;10;3;1;0;1;100;0;1;4;3;10;0
439;0;8;0;1;0;1;574;0;0;5;0;8;0
440;0;7;0;1;0;1;108;0;0;4;0;7;0
441;0;13;0;1;0;1;275;0;0;4;0;13;0
442;0;5;0;2;0;2;555;0;0;3;0;6;0
443;0;4;0;1;0;1;551;0;0;3;0;4;0
444;0;2;0;1;0;1;175;0;0;2;0;2;0
445;0;5;0;1;0;1;151;0;0;4;0;5;0
446;0;11;0;1;0;1;268;0;0;5;0;12;0
447;3;26;3;2;0;2;351;0;1;6;3;26;0
448;0;3;0;1;0;1;6;0;0;2;0;3;0
449;0;6;0;1;0;1;104;0;0;3;0;6;0
450;27;5;27;2;0;2;209;0;1;2;27;5;0
451;0;11;0;1;0;1;42;0;0;5;0;11;0
452;0;4;0;1;0;1;1482;0;0;3;0;4;0
453;0;5;0;1;0;1;96;0;0;4;0;5;0
454;1;6;1;2;0;1;59;0;1;4;1;6;0
455;0;4;0;1;0;1;68;0;0;3;0;4;0
456;0;8;0;2;0;2;123;0;0;5;0;8;0
457;0;5;0;1;0;1;71;0;0;3;0;5;0
458;0;3;0;1;0;1;10;0;0;2;0;3;0
459;0;4;0;1;0;1;136;0;0;3;0;4;0
460;1;2;1;1;0;1;59;0;1;2;1;2;0
461;0;6;0;1;0;1;37;0;0;3;0;6;0
462;0;5;0;1;0;1;269;0;0;4;0;5;0
463;0;5;0;1;0;1;789;0;0;3;0;7;0
464;0;9;0;1;0;1;172;0;0;4;0;9;0
465;2;5;2;1;0;1;602;0;1;3;2;5;0
466;132;14;34;2;6;2;1062;38;3;8;132;15;4
467;7;2;1;1;1;1;79;0;2;2;7;2;1
468;0;5;0;1;0;1;685;0;0;4;0;5;0
469;0;3;0;1;0;1;454;0;0;3;0;3;0
470;1;6;1;1;0;1;235;0;1;3;1;6;0
471;0;6;0;1;0;1;51;0;0;4;0;6;0
472;0;11;0;1;0;1;309;0;0;4;0;11;0
473;1;12;1;2;0;2;387;0;1;5;1;12;0
474;0;11;0;1;0;1;92;0;0;5;0;11;0
475;0;6;0;1;0;1;341;0;0;4;0;6;0
476;0;8;0;1;0;1;95;0;0;3;0;8;0
477;0;3;0;1;0;1;710;0;0;3;0;3;0
478;294;4;30;2;7;1;45;79;4;3;298;4;5
479;0;7;0;1;0;1;133;0;0;4;0;7;0
480;0;4;0;2;0;1;483;0;0;2;0;4;0
481;0;3;0;1;0;1;50;0;0;2;0;3;0
482;0;2;0;2;0;0;0;0;0;1;0;2;0
483;0;5;0;1;0;1;158;0;0;3;0;5;0
484;0;1;0;1;0;0;0;0;0;1;0;1;0
485;0;8;0;1;0;1;32;0;0;4;0;8;0
486;0;2;0;1;0;1;21;0;0;2;0;2;0
487;0;13;0;1;0;1;231;0;0;4;0;13;0
488;0;3;0;1;0;1;106;0;0;2;0;3;0
489;95;2;59;2;6;0;0;17;3;1;95;2;3
490;0;3;0;1;0;1;34;0;0;2;0;3;0
491;0;6;0;1;0;1;99;0;0;4;0;6;0
492;0;8;0;1;0;1;160;0;0;4;0;8;0
493;0;18;0;2;0;2;801;0;0;4;0;19;0
494;0;2;0;1;0;1;44;0;0;2;0;2;0
495;0;5;0;1;0;1;2;0;0;3;0;5;0
496;0;3;0;1;0;1;326;0;0;3;0;3;0
497;0;1;0;1;0;0;0;0;0;1;0;1;0
498;0;2;0;1;0;1;25;0;0;2;0;2;0
499;0;4;0;1;0;1;250;0;0;3;0;4;0
500;1;9;1;2;0;2;862;0;1;4;1;9;0
501;0;5;0;1;0;1;140;0;0;3;0;5;0
502;0;3;0;1;0;1;18;0;0;2;0;3;0
503;0;6;0;2;0;2;254;0;0;3;0;6;0
504;0;6;0;1;0;1;356;0;0;3;0;6;0
505;0;18;0;3;0;3;199;0;0;5;0;19;0
506;9;11;9;2;0;2;694;0;1;4;9;11;0
507;0;15;0;1;0;1;69;0;0;6;0;15;0
508;0;6;0;1;0;1;293;0;0;4;0;6;0
509;0;8;0;3;0;2;183;0;0;3;0;8;0
510;31;7;30;2;1;2;256;0;2;3;31;7;1
511;0;5;0;1;0;1;217;0;0;3;0;5;0
512;7;6;7;1;0;1;363;0;1;3;7;6;0
513;0;12;0;1;0;1;43;0;0;5;0;12;0
514;0;7;0;1;0;1;101;0;0;5;0;8;0
515;0;2;0;1;0;1;241;0;0;2;0;2;0
516;0;1;0;1;0;0;0;0;0;1;0;1;0
517;0;6;0;1;0;1;70;0;0;3;0;6;0
518;0;11;0;1;0;1;65;0;0;5;0;12;0
519;0;8;0;1;0;1;34;0;0;4;0;8;0
520;0;3;0;1;0;1;80;0;0;2;0;3;0
521;0;3;0;1;0;1;223;0;0;3;0;3;0
522;0;1;0;1;0;0;0;0;0;1;0;1;0
523;0;6;0;1;0;1;220;0;0;3;0;6;0
524;0;4;0;1;0;1;345;0;0;3;0;4;0
525;0;8;0;1;0;1;384;0;0;4;0;8;0
526;0;5;0;1;0;1;659;0;0;4;0;5;0
527;2;9;2;2;0;2;477;0;1;4;2;9;0
528;0;9;0;1;0;1;720;0;0;6;0;10;0
529;0;4;0;1;0;1;29;0;0;4;0;4;0
530;0;4;0;1;0;1;264;0;0;3;0;4;0
531;0;9;0;1;0;1;538;0;0;4;0;9;0
532;0;2;0;1;0;1;142;0;0;2;0;2;0
533;0;29;0;2;0;2;422;0;0;7;0;29;0
534;0;7;0;2;0;2;51;0;0;5;0;8;0
535;0;3;0;1;0;1;281;0;0;2;0;3;0
536;0;3;0;1;0;1;102;0;0;2;0;3;0
537;0;6;0;1;0;1;9;0;0;4;0;6;0
538;0;4;0;1;0;1;118;0;0;3;0;4;0
539;0;7;0;1;0;1;98;0;0;5;0;7;0
540;0;4;0;1;0;1;537;0;0;3;0;4;0
541;0;14;0;1;0;1;17;0;0;5;0;14;0
542;0;4;0;1;0;1;125;0;0;4;0;4;0
543;28;3;26;1;1;1;802;1;2;3;28;3;1
544;0;8;0;1;0;1;96;0;0;4;0;8;0
545;0;2;0;1;0;1;59;0;0;2;0;2;0
546;0;1;0;1;0;0;0;0;0;1;0;1;0
547;0;13;0;2;0;2;341;0;0;5;0;13;0
548;0;8;0;1;0;1;286;0;0;4;0;8;0
549;0;10;0;1;0;1;75;0;0;6;0;10;0
550;23;7;23;1;0;1;373;0;1;4;23;7;0
551;0;51;0;3;0;3;528;0;0;7;0;51;0
552;0;9;0;1;0;1;122;0;0;4;0;9;0
553;0;2;0;1;0;1;58;0;0;2;0;2;0
554;0;10;0;1;0;1;20;0;0;5;0;10;0
555;147;1;11;1;4;0;0;40;5;1;147;1;4
556;0;11;0;1;0;1;341;0;0;5;0;11;0
557;0;11;0;2;0;2;632;0;0;5;0;11;0
558;0;0;0;0;0;0;0;0;0;0;0;0;0
559;0;3;0;1;0;1;139;0;0;3;0;3;0
560;0;9;0;1;0;1;79;0;0;5;0;9;0
561;0;3;0;1;0;1;88;0;0;3;0;3;0
562;0;3;0;1;0;1;219;0;0;2;0;3;0
563;15;3;15;2;0;1;92;0;1;2;15;3;0
564;0;2;0;1;0;1;17;0;0;2;0;2;0
565;0;7;0;1;0;1;86;0;0;5;0;8;0
566;0;3;0;1;0;1;44;0;0;3;0;3;0
567;0;4;0;1;0;1;78;0;0;3;0;4;0
568;0;5;0;1;0;1;323;0;0;3;0;5;0
569;0;12;0;1;0;1;78;0;0;5;0;12;0
570;0;8;0;1;0;1;222;0;0;4;0;9;0
571;0;7;0;1;0;1;121;0;0;4;0;7;0
572;9;4;9;2;0;1;500;0;1;2;9;4;0
573;0;2;0;1;0;1;18;0;0;2;0;2;0
574;0;3;0;1;0;1;132;0;0;3;0;3;0
575;0;2;0;1;0;1;134;0;0;2;0;2;0
576;0;3;0;1;0;1;34;0;0;2;0;3;0
577;0;3;0;1;0;1;13;0;0;2;0;3;0
578;0;3;0;1;0;1;103;0;0;2;0;3;0
579;0;7;0;1;0;1;253;0;0;4;0;7;0
580;0;5;0;1;0;1;179;0;0;4;0;5;0
581;0;3;0;1;0;1;920;0;0;3;0;3;0
582;0;13;0;2;0;2;256;0;0;3;0;13;0
583;0;6;0;1;0;1;66;0;0;4;0;6;0
584;0;17;0;1;0;1;762;0;0;5;0;17;0
585;0;1;0;1;0;0;0;0;0;1;0;1;0
586;0;10;0;1;0;1;225;0;0;5;0;10;0
587;0;12;0;1;0;1;88;0;0;4;0;12;0
588;0;4;0;1;0;1;780;0;0;2;0;4;0
589;0;9;0;1;0;1;1044;0;0;5;0;10;0
590;0;8;0;1;0;1;371;0;0;5;0;8;0
591;0;3;0;1;0;1;61;0;0;2;0;3;0
592;0;9;0;1;0;1;104;0;0;4;0;9;0
593;1;9;1;2;0;2;136;0;1;3;1;9;0
594;0;7;0;2;0;2;62;0;0;3;0;7;0
595;21;7;21;2;0;2;674;0;1;3;21;7;0
596;0;5;0;1;0;1;54;0;0;4;0;5;0
597;0;5;0;1;0;1;34;0;0;4;0;5;0
598;0;7;0;2;0;2;310;0;0;4;0;7;0
599;0;5;0;1;0;1;900;0;0;3;0;5;0
600;0;0;0;0;0;0;0;0;0;0;0;0;0
601;0;13;0;2;0;2;661;0;0;4;0;13;0
602;0;2;0;1;0;1;79;0;0;2;0;2;0
603;0;5;0;1;0;1;51;0;0;3;0;5;0
604;0;18;0;1;0;1;373;0;0;7;0;19;0
605;0;9;0;1;0;1;70;0;0;6;0;9;0
606;0;17;0;1;0;1;21;0;0;6;0;17;0
607;0;1;0;1;0;0;0;0;0;1;0;1;0
608;0;2;0;1;0;1;71;0;0;2;0;2;0
609;0;15;0;1;0;1;15;0;0;8;0;15;0
610;0;5;0;1;0;1;1086;0;0;3;0;5;0
611;0;6;0;1;0;1;10;0;0;4;0;7;0
612;0;5;0;1;0;1;171;0;0;3;0;5;0
613;0;8;0;2;0;2;380;0;0;4;0;8;0
614;0;7;0;1;0;1;293;0;0;4;0;7;0
615;1;15;1;2;0;2;47;0;1;6;1;15;0
616;0;7;0;2;0;2;267;0;0;3;0;7;0
617;0;3;0;1;0;1;57;0;0;3;0;3;0
618;0;2;0;2;0;0;0;0;0;1;0;2;0
619;0;10;0;1;0;1;72;0;0;5;0;10;0
620;0;11;0;1;0;1;83;0;0;4;0;11;0
621;1;8;1;2;0;1;320;0;1;3;1;8;0
622;0;6;0;1;0;1;13;0;0;4;0;6;0
623;0;4;0;1;0;1;581;0;0;3;0;4;0
624;0;8;0;1;0;1;85;0;0;5;0;8;0
625;0;4;0;2;0;1;177;0;0;3;0;4;0
626;0;7;0;1;0;1;91;0;0;4;0;8;0
627;0;1;0;1;0;0;0;0;0;1;0;1;0
628;0;6;0;1;0;1;169;0;0;3;0;6;0
629;0;6;0;3;0;2;573;0;0;2;0;6;0
630;0;11;0;2;0;2;173;0;0;4;0;11;0
631;0;4;0;2;0;1;163;0;0;2;0;4;0
632;0;3;0;2;0;1;73;0;0;2;0;3;0
633;0;7;0;2;0;2;477;0;0;3;0;7;0
634;0;1;0;1;0;0;0;0;0;1;0;1;0
635;0;1;0;1;0;0;0;0;0;1;0;1;0
636;0;5;0;1;0;1;220;0;0;3;0;5;0
637;0;8;0;2;0;2;171;0;0;3;0;8;0
638;0;5;0;1;0;1;29;0;0;3;0;5;0
639;0;3;0;1;0;1;246;0;0;2;0;3;0
640;0;2;0;1;0;1;16;0;0;2;0;2;0
641;0;7;0;1;0;1;16;0;0;5;0;7;0
642;0;3;0;1;0;1;325;0;0;2;0;3;0
643;0;4;0;1;0;1;298;0;0;3;0;4;0
644;0;23;0;1;0;1;250;0;0;7;0;23;0
645;6;9;6;2;0;1;329;0;1;5;6;9;0
646;0;6;0;1;0;1;74;0;0;5;0;6;0
647;0;16;0;2;0;2;242;0;0;5;0;17;0
648;11;8;11;2;0;2;732;0;1;3;11;9;0
649;0;12;0;2;0;2;375;0;0;4;0;13;0
650;0;1;0;1;0;0;0;0;0;1;0;1;0
651;0;8;0;1;0;1;751;0;0;4;0;8;0
652;0;12;0;2;0;2;131;0;0;5;0;13;0
653;0;1;0;1;0;0;0;0;0;1;0;1;0
654;0;7;0;1;0;1;125;0;0;6;0;7;0
655;0;4;0;1;0;1;564;0;0;4;0;4;0
656;0;4;0;1;0;1;410;0;0;3;0;4;0
657;263;1;26;1;10;0;0;42;4;1;271;1;7
658;0;4;0;1;0;1;463;0;0;3;0;4;0
659;16;6;16;2;0;1;1086;0;1;3;16;6;0
660;0;1;0;1;0;0;0;0;0;1;0;1;0
661;0;6;0;1;0;1;120;0;0;3;0;6;0
662;0;6;0;1;0;1;402;0;0;4;0;6;0
663;0;22;0;2;0;2;875;0;0;5;0;24;0
664;0;10;0;1;0;1;302;0;0;5;0;11;0
665;0;3;0;1;0;1;50;0;0;3;0;3;0
666;0;14;0;1;0;1;265;0;0;6;0;14;0
667;11;6;11;2;0;1;245;0;1;3;11;6;0
668;0;1;0;1;0;0;0;0;0;1;0;1;0
669;0;3;0;1;0;1;29;0;0;2;0;3;0
670;0;4;0;1;0;1;342;0;0;3;0;4;0
671;0;4;0;1;0;1;403;0;0;3;0;4;0
672;0;8;0;1;0;1;368;0;0;4;0;8;0
673;0;8;0;1;0;1;64;0;0;4;0;8;0
674;0;2;0;1;0;1;285;0;0;2;0;2;0
675;0;3;0;1;0;1;11;0;0;2;0;3;0
676;0;1;0;1;0;0;0;0;0;1;0;1;0
677;9;6;9;2;0;2;269;0;1;3;9;6;0
678;0;3;0;1;0;1;144;0;0;2;0;3;0
679;0;6;0;1;0;1;316;0;0;5;0;6;0
680;0;8;0;1;0;1;76;0;0;4;0;8;0
681;0;1;0;1;0;0;0;0;0;1;0;1;0
682;0;1;0;1;0;0;0;0;0;1;0;1;0
683;0;5;0;1;0;1;180;0;0;3;0;5;0
684;0;2;0;1;0;1;77;0;0;2;0;2;0
685;0;2;0;1;0;1;34;0;0;2;0;2;0
686;0;7;0;1;0;1;404;0;0;3;0;7;0
687;0;10;0;2;0;2;414;0;0;4;0;10;0
688;0;11;0;1;0;1;227;0;0;4;0;11;0
689;0;0;0;0;0;0;0;0;0;0;0;0;0
690;0;3;0;1;0;1;38;0;0;2;0;3;0
691;4;2;4;1;0;1;128;0;1;2;4;2;0
692;13;3;9;2;2;1;25;1;2;2;13;3;1
693;0;8;0;1;0;1;4;0;0;5;0;9;0
694;0;6;0;2;0;1;91;0;0;3;0;6;0
695;0;3;0;1;0;1;47;0;0;3;0;3;0
696;0;1;0;1;0;0;0;0;0;1;0;1;0
697;0;1;0;1;0;0;0;0;0;1;0;1;0
698;0;12;0;2;0;2;471;0;0;4;0;12;0
699;0;6;0;1;0;1;130;0;0;3;0;6;0
700;0;7;0;1;0;1;21;0;0;4;0;7;0
701;0;5;0;1;0;1;88;0;0;4;0;5;0
702;6;3;6;1;0;1;212;0;1;2;6;3;0
703;6;6;6;2;0;1;312;0;1;3;6;6;0
704;0;1;0;1;0;0;0;0;0;1;0;1;0
705;0;4;0;1;0;1;247;0;0;3;0;4;0
706;0;4;0;1;0;1;84;0;0;3;0;4;0
707;0;1;0;1;0;0;0;0;0;1;0;1;0
709;0;0;0;0;0;0;0;0;0;0;0;0;0
710;0;4;0;1;0;1;191;0;0;3;0;4;0
711;0;4;0;1;0;1;951;0;0;3;0;4;0
712;0;17;0;1;0;1;67;0;0;5;0;17;0
713;0;2;0;1;0;1;35;0;0;2;0;2;0
714;0;3;0;1;0;1;336;0;0;3;0;3;0
715;0;14;0;1;0;1;30;0;0;6;0;14;0
716;0;3;0;1;0;1;284;0;0;2;0;3;0
717;0;6;0;1;0;1;195;0;0;3;0;6;0
718;15;4;15;1;0;1;410;0;1;2;15;4;0
719;0;3;0;1;0;1;62;0;0;2;0;3;0
720;0;1;0;1;0;0;0;0;0;1;0;1;0
721;0;5;0;1;0;1;173;0;0;4;0;5;0
722;22;7;22;2;0;2;651;0;1;4;22;7;0
723;0;14;0;1;0;1;117;0;0;5;0;14;0
724;0;7;0;1;0;1;182;0;0;4;0;7;0
725;1;6;1;1;0;1;98;0;1;3;1;6;0
726;0;2;0;1;0;1;37;0;0;2;0;2;0
727;0;1;0;1;0;0;0;0;0;1;0;1;0
728;0;11;0;2;0;2;1023;0;0;4;0;11;0
729;0;4;0;1;0;1;204;0;0;3;0;4;0
730;0;5;0;1;0;1;126;0;0;3;0;5;0
731;0;5;0;1;0;1;207;0;0;3;0;5;0
732;0;4;0;1;0;1;51;0;0;4;0;4;0
733;1;50;1;2;0;1;721;0;1;8;1;51;0
734;0;5;0;2;0;2;348;0;0;2;0;6;0
735;0;3;0;1;0;1;8;0;0;2;0;3;0
736;0;4;0;1;0;1;123;0;0;3;0;4;0
737;0;13;0;2;0;2;248;0;0;4;0;13;0
738;0;5;0;1;0;1;209;0;0;3;0;5;0
739;0;3;0;1;0;1;9;0;0;2;0;3;0
740;0;5;0;1;0;1;111;0;0;3;0;5;0
741;0;9;0;1;0;1;32;0;0;4;0;9;0
742;0;6;0;1;0;1;733;0;0;4;0;6;0
743;0;4;0;1;0;1;405;0;0;3;0;4;0
744;0;5;0;1;0;1;18;0;0;5;0;6;0
745;0;7;0;1;0;1;53;0;0;4;0;7;0
746;0;4;0;1;0;1;120;0;0;4;0;5;0
747;0;6;0;1;0;1;54;0;0;6;0;7;0
748;0;7;0;1;0;1;138;0;0;3;0;7;0
749;0;10;0;1;0;1;8;0;0;5;0;10;0
750;0;1;0;1;0;0;0;0;0;1;0;1;0
751;0;3;0;1;0;1;217;0;0;2;0;3;0
752;0;3;0;1;0;1;13;0;0;2;0;3;0
753;11;2;11;1;0;1;153;0;1;2;11;2;0
754;3;7;3;2;0;2;2269;0;1;3;3;7;0
755;0;2;0;1;0;1;32;0;0;2;0;2;0
756;0;1;0;1;0;0;0;0;0;1;0;1;0
757;0;17;0;1;0;1;177;0;0;6;0;18;0
758;0;3;0;1;0;1;77;0;0;2;0;3;0
759;0;9;0;1;0;1;495;0;0;5;0;9;0
760;0;7;0;1;0;1;146;0;0;3;0;7;0
761;0;5;0;1;0;1;284;0;0;3;0;5;0
762;0;4;0;1;0;1;149;0;0;3;0;4;0
763;0;6;0;2;0;1;384;0;0;3;0;6;0
764;0;3;0;1;0;1;66;0;0;2;0;3;0
765;0;7;0;1;0;1;430;0;0;3;0;7;0
766;0;6;0;2;0;1;288;0;0;3;0;6;0
767;0;4;0;1;0;1;221;0;0;3;0;4;0
768;0;2;0;1;0;1;25;0;0;2;0;2;0
769;0;3;0;1;0;1;119;0;0;3;0;3;0
770;0;3;0;1;0;1;58;0;0;2;0;3;0
771;0;3;0;1;0;1;159;0;0;2;0;3;0
772;0;8;0;1;0;1;15;0;0;4;0;8;0
773;0;4;0;1;0;1;586;0;0;3;0;4;0
774;0;21;0;2;0;2;343;0;0;6;0;21;0
775;0;4;0;1;0;1;63;0;0;4;0;4;0
776;0;4;0;1;0;1;291;0;0;3;0;4;0
777;0;4;0;1;0;1;49;0;0;3;0;4;0
778;0;16;0;1;0;1;187;0;0;8;0;16;0
779;0;6;0;1;0;1;48;0;0;4;0;6;0
780;0;2;0;1;0;1;87;0;0;2;0;2;0
781;0;1;0;1;0;0;0;0;0;1;0;1;0
782;28;3;16;2;4;1;100;3;2;2;28;3;2
784;0;5;0;1;0;1;213;0;0;3;0;5;0
785;0;10;0;2;0;2;411;0;0;4;0;10;0
786;0;4;0;1;0;1;88;0;0;3;0;4;0
787;0;17;0;2;0;2;326;0;0;6;0;17;0
788;0;5;0;1;0;1;54;0;0;5;0;5;0
789;0;3;0;1;0;1;788;0;0;3;0;3;0
790;0;2;0;1;0;1;88;0;0;2;0;2;0
791;0;5;0;1;0;1;45;0;0;3;0;5;0
792;0;1;0;1;0;0;0;0;0;1;0;1;0
793;0;17;0;2;0;2;1335;0;0;4;0;17;0
794;0;4;0;2;0;1;171;0;0;2;0;4;0
795;0;9;0;1;0;1;207;0;0;4;0;9;0
796;0;6;0;1;0;1;101;0;0;3;0;6;0
797;0;2;0;1;0;1;54;0;0;2;0;2;0
798;0;8;0;1;0;1;135;0;0;3;0;8;0
799;0;5;0;1;0;1;318;0;0;4;0;5;0
800;0;22;0;1;0;1;126;0;0;10;0;23;0
801;0;7;0;1;0;1;133;0;0;5;0;7;0
802;1;21;1;4;0;4;1656;0;1;4;1;21;0
803;0;0;0;0;0;0;0;0;0;0;0;0;0
804;0;4;0;1;0;1;212;0;0;4;0;4;0
805;0;6;0;1;0;1;230;0;0;3;0;6;0
806;0;3;0;1;0;1;46;0;0;2;0;3;0
807;0;5;0;2;0;2;640;0;0;2;0;5;0
808;0;16;0;2;0;2;1135;0;0;5;0;16;0
809;0;2;0;1;0;1;156;0;0;2;0;2;0
810;0;2;0;2;0;0;0;0;0;1;0;2;0
811;0;20;0;2;0;2;1560;0;0;5;0;21;0
812;0;1;0;1;0;0;0;0;0;1;0;1;0
813;0;1;0;1;0;0;0;0;0;1;0;1;0
814;0;3;0;1;0;1;129;0;0;3;0;3;0
815;0;1;0;1;0;0;0;0;0;1;0;1;0
816;0;3;0;1;0;1;217;0;0;2;0;3;0
817;0;7;0;1;0;1;640;0;0;4;0;7;0
818;0;9;0;2;0;1;550;0;0;4;0;9;0
819;5;3;5;1;0;1;628;0;1;3;5;3;0
820;0;8;0;1;0;1;240;0;0;4;0;8;0
821;0;3;0;1;0;1;267;0;0;3;0;3;0
822;0;5;0;1;0;1;325;0;0;4;0;5;0
823;94;1;15;1;2;0;0;11;3;1;94;1;2
824;0;2;0;1;0;1;10;0;0;2;0;2;0
825;0;5;0;1;0;1;67;0;0;4;0;5;0
826;0;4;0;1;0;1;119;0;0;3;0;5;0
827;0;6;0;1;0;1;12;0;0;4;0;6;0
828;0;3;0;1;0;1;94;0;0;2;0;3;0
829;0;5;0;1;0;1;36;0;0;3;0;5;0
830;0;9;0;1;0;1;40;0;0;5;0;9;0
831;0;8;0;2;0;2;69;0;0;4;0;8;0
832;0;6;0;1;0;1;13;0;0;4;0;6;0
833;6;1;6;1;0;0;0;0;1;1;6;1;0
834;0;13;0;1;0;1;34;0;0;5;0;14;0
835;0;3;0;1;0;1;35;0;0;2;0;3;0
836;0;1;0;1;0;0;0;0;0;1;0;1;0
837;0;3;0;1;0;1;66;0;0;3;0;3;0
838;0;1;0;1;0;0;0;0;0;1;0;1;0
839;0;2;0;2;0;0;0;0;0;1;0;2;0
840;0;7;0;1;0;1;251;0;0;5;0;7;0
841;0;1;0;1;0;0;0;0;0;1;0;1;0
842;0;2;0;1;0;1;37;0;0;2;0;2;0
843;0;1;0;1;0;0;0;0;0;1;0;1;0
844;34;3;12;2;5;1;33;8;2;2;34;3;3
845;0;9;0;2;0;2;399;0;0;5;0;11;0
846;0;2;0;1;0;1;54;0;0;2;0;2;0
847;0;23;0;1;0;1;31;0;0;6;0;23;0
848;0;4;0;1;0;1;186;0;0;3;0;4;0
849;0;9;0;1;0;1;21;0;0;5;0;9;0
850;2;9;2;2;0;2;148;0;1;4;2;9;0
851;0;5;0;1;0;1;38;0;0;3;0;5;0
852;0;2;0;1;0;1;67;0;0;2;0;2;0
853;0;7;0;2;0;2;524;0;0;3;0;7;0
854;5;6;5;2;0;2;389;0;1;3;5;6;0
855;0;14;0;2;0;2;207;0;0;5;0;14;0
856;57;4;25;2;7;2;55;11;2;2;57;4;3
857;0;1;0;1;0;0;0;0;0;1;0;1;0
858;0;3;0;1;0;1;98;0;0;3;0;3;0
859;0;6;0;2;0;2;312;0;0;5;0;7;0
860;0;7;0;1;0;1;1950;0;0;4;0;7;0
861;0;1;0;1;0;0;0;0;0;1;0;1;0
862;1;1;1;1;0;0;0;0;1;1;1;1;0
863;0;5;0;1;0;1;242;0;0;3;0;5;0
864;0;24;0;2;0;2;440;0;0;6;0;24;0
865;0;4;0;1;0;1;829;0;0;3;0;4;0
866;0;1;0;1;0;0;0;0;0;1;0;1;0
867;0;8;0;1;0;1;294;0;0;4;0;8;0
868;0;6;0;1;0;1;66;0;0;3;0;6;0
869;0;3;0;1;0;1;204;0;0;2;0;3;0
870;0;3;0;1;0;1;99;0;0;2;0;3;0
871;0;8;0;1;0;1;237;0;0;5;0;8;0
872;0;3;0;1;0;1;74;0;0;3;0;3;0
873;3;6;3;2;0;2;207;0;1;4;3;6;0
874;0;3;0;1;0;1;38;0;0;2;0;3;0
875;0;5;0;1;0;1;236;0;0;3;0;5;0
876;0;6;0;1;0;1;260;0;0;3;0;7;0
877;0;6;0;1;0;1;141;0;0;4;0;6;0
878;8;1;7;1;1;0;0;0;2;1;8;1;1
879;0;4;0;1;0;1;202;0;0;4;0;4;0
880;0;3;0;1;0;1;223;0;0;2;0;3;0
881;0;3;0;1;0;1;359;0;0;3;0;3;0
882;0;4;0;1;0;1;22;0;0;4;0;4;0
883;0;2;0;1;0;1;62;0;0;2;0;2;0
884;0;0;0;0;0;0;0;0;0;0;0;0;0
885;0;2;0;1;0;1;80;0;0;2;0;2;0
886;0;15;0;1;0;1;25;0;0;5;0;15;0
887;0;3;0;1;0;1;11;0;0;2;0;3;0
888;0;3;0;1;0;1;18;0;0;3;0;3;0
889;3;8;3;3;0;2;619;0;1;3;3;8;0
890;14;10;14;3;0;3;473;0;1;3;14;10;0
891;0;3;0;1;0;1;145;0;0;2;0;3;0
892;0;3;0;1;0;1;499;0;0;2;0;3;0
893;0;11;0;1;0;1;374;0;0;4;0;11;0
894;0;6;0;2;0;2;469;0;0;2;0;6;0
895;0;2;0;1;0;1;31;0;0;2;0;2;0
896;0;9;0;2;0;2;169;0;0;4;0;10;0
897;0;6;0;1;0;1;295;0;0;4;0;6;0
898;0;6;0;1;0;1;335;0;0;3;0;6;0
899;0;3;0;1;0;1;111;0;0;2;0;3;0
900;0;13;0;1;0;1;33;0;0;6;0;13;0
901;57;2;16;2;4;0;0;8;3;1;57;2;3
902;0;3;0;1;0;1;25;0;0;2;0;3;0
903;0;3;0;1;0;1;129;0;0;3;0;3;0
904;0;4;0;1;0;1;345;0;0;4;0;4;0
905;0;2;0;1;0;1;16;0;0;2;0;2;0
906;0;2;0;1;0;1;36;0;0;2;0;2;0
907;0;2;0;1;0;1;34;0;0;2;0;2;0
908;0;1;0;1;0;0;0;0;0;1;0;1;0
909;0;3;0;2;0;1;48;0;0;2;0;3;0
910;0;3;0;2;0;1;0;0;0;2;0;3;0
911;1;3;1;1;0;1;1091;0;1;3;1;3;0
912;0;3;0;1;0;1;172;0;0;3;0;3;0
913;1;2;1;1;0;1;166;0;1;2;1;2;0
914;0;5;0;2;0;1;104;0;0;3;0;5;0
915;0;3;0;2;0;1;341;0;0;2;0;3;0
916;0;5;0;1;0;1;415;0;0;3;0;5;0
917;0;10;0;1;0;1;59;0;0;4;0;10;0
918;0;5;0;1;0;1;21;0;0;4;0;5;0
919;0;2;0;1;0;1;175;0;0;2;0;2;0
920;0;5;0;1;0;1;145;0;0;3;0;5;0
921;0;2;0;1;0;1;29;0;0;2;0;2;0
922;4;10;4;2;0;2;428;0;1;4;4;11;0
923;1;6;1;2;0;2;180;0;1;2;1;6;0
924;0;8;0;1;0;1;224;0;0;4;0;9;0
925;0;11;0;2;0;2;515;0;0;4;0;11;0
926;0;7;0;1;0;1;769;0;0;3;0;7;0
927;0;11;0;1;0;1;142;0;0;5;0;11;0
928;0;4;0;1;0;1;56;0;0;4;0;4;0
929;13;13;13;2;0;2;347;0;1;4;13;13;0
930;4;2;4;1;0;1;89;0;1;2;4;2;0
931;0;3;0;1;0;1;215;0;0;2;0;3;0
932;22;2;22;1;0;1;59;0;1;2;22;2;0
933;0;7;0;1;0;1;404;0;0;4;0;7;0
934;0;22;0;3;0;3;729;0;0;5;0;22;0
935;0;3;0;1;0;1;130;0;0;2;0;3;0
936;0;5;0;2;0;2;101;0;0;3;0;6;0
937;0;0;0;0;0;0;0;0;0;0;0;0;0
938;0;1;0;1;0;0;0;0;0;1;0;1;0
939;0;5;0;1;0;1;255;0;0;3;0;5;0
940;0;1;0;1;0;0;0;0;0;1;0;1;0
941;0;4;0;1;0;1;649;0;0;3;0;4;0
942;0;7;0;2;0;2;44;0;0;4;0;7;0
943;0;4;0;1;0;1;220;0;0;3;0;4;0
944;0;9;0;2;0;1;55;0;0;4;0;9;0
945;0;1;0;1;0;0;0;0;0;1;0;1;0
946;0;6;0;1;0;1;170;0;0;3;0;6;0
947;0;3;0;1;0;1;112;0;0;2;0;3;0
948;0;3;0;1;0;1;24;0;0;3;0;3;0
949;2;5;2;2;0;1;180;0;1;3;2;5;0
950;0;3;0;1;0;1;441;0;0;2;0;3;0
951;0;10;0;1;0;1;94;0;0;5;0;10;0
952;0;10;0;1;0;1;150;0;0;6;0;10;0
953;0;3;0;1;0;1;98;0;0;3;0;3;0
954;0;1;0;1;0;0;0;0;0;1;0;1;0
955;0;6;0;1;0;1;296;0;0;4;0;6;0
956;0;5;0;1;0;1;476;0;0;4;0;5;0
957;0;3;0;2;0;2;604;0;0;2;0;4;0
958;0;19;0;2;0;2;28;0;0;5;0;19;0
959;0;4;0;1;0;1;103;0;0;3;0;4;0
960;0;5;0;1;0;1;50;0;0;4;0;5;0
961;0;7;0;1;0;1;54;0;0;4;0;7;0
962;0;4;0;2;0;1;212;0;0;2;0;4;0
963;0;14;0;1;0;1;76;0;0;6;0;14;0
964;0;1;0;1;0;0;0;0;0;1;0;1;0
965;0;5;0;1;0;1;158;0;0;3;0;5;0
966;0;5;0;1;0;1;143;0;0;3;0;5;0
967;0;4;0;1;0;1;148;0;0;3;0;4;0
968;0;5;0;1;0;1;188;0;0;3;0;5;0
969;0;2;0;1;0;1;76;0;0;2;0;2;0
970;1;3;1;1;0;1;170;0;1;2;1;3;0
971;4;6;4;2;0;1;91;0;1;3;4;6;0
972;0;7;0;2;0;2;171;0;0;3;0;7;0
973;0;4;0;2;0;1;64;0;0;2;0;4;0
974;0;1;0;1;0;0;0;0;0;1;0;1;0
975;0;18;0;1;0;1;88;0;0;7;0;18;0
977;0;4;0;1;0;1;150;0;0;3;0;4;0
978;0;1;0;1;0;0;0;0;0;1;0;1;0
979;0;7;0;1;0;1;130;0;0;4;0;7;0
980;0;4;0;1;0;1;221;0;0;2;0;4;0
981;0;2;0;1;0;1;424;0;0;2;0;2;0
982;0;7;0;1;0;1;305;0;0;4;0;7;0
983;0;9;0;2;0;2;231;0;0;3;0;9;0
984;0;4;0;1;0;1;198;0;0;3;0;4;0
985;0;42;0;1;0;1;126;0;0;5;0;42;0
986;0;7;0;2;0;2;289;0;0;3;0;7;0
987;0;1;0;1;0;0;0;0;0;1;0;1;0
988;0;1;0;1;0;0;0;0;0;1;0;1;0
989;0;3;0;1;0;1;56;0;0;2;0;3;0
990;0;4;0;2;0;2;1181;0;0;2;0;4;0
991;0;5;0;1;0;1;370;0;0;4;0;5;0
992;0;7;0;1;0;1;171;0;0;5;0;7;0
993;11;12;11;3;0;3;562;0;1;4;11;12;0
994;0;4;0;1;0;1;377;0;0;3;0;4;0
995;0;7;0;2;0;2;445;0;0;4;0;7;0
996;0;6;0;1;0;1;250;0;0;3;0;6;0
997;0;10;0;2;0;2;114;0;0;4;0;10;0
998;0;5;0;2;0;1;179;0;0;3;0;5;0
999;0;8;0;1;0;1;105;0;0;4;0;8;0
1000;0;16;0;2;0;2;211;0;0;5;0;17;0
1001;0;4;0;1;0;1;160;0;0;3;0;4;0
1002;0;11;0;1;0;1;7;0;0;6;0;11;0
1003;0;10;0;1;0;1;199;0;0;5;0;10;0
1004;0;3;0;1;0;1;61;0;0;3;0;3;0
1005;0;1;0;1;0;0;0;0;0;1;0;1;0
1006;3;3;3;1;0;1;271;0;1;2;3;3;0
1007;0;11;0;1;0;1;260;0;0;4;0;11;0
1008;0;9;0;2;0;2;223;0;0;4;0;9;0
1009;11;4;11;1;0;1;352;0;1;3;11;4;0
1010;0;17;0;1;0;1;270;0;0;4;0;17;0
1011;0;14;0;1;0;1;94;0;0;7;0;14;0
1012;0;4;0;2;0;2;201;0;0;4;0;5;0
1013;0;4;0;1;0;1;128;0;0;3;0;4;0
1014;0;10;0;1;0;1;58;0;0;5;0;10;0
1015;0;6;0;1;0;1;405;0;0;4;0;7;0
1016;0;3;0;1;0;1;13;0;0;2;0;3;0
1017;0;7;0;2;0;2;664;0;0;3;0;7;0
1018;5;1;5;1;0;0;0;0;1;1;5;1;0
1019;0;4;0;2;0;1;958;0;0;2;0;4;0
1020;0;4;0;1;0;1;128;0;0;3;0;4;0
1021;0;4;0;1;0;1;300;0;0;3;0;5;0
1022;0;5;0;1;0;1;74;0;0;4;0;5;0
1023;0;6;0;1;0;1;31;0;0;3;0;6;0
1024;0;1;0;1;0;0;0;0;0;1;0;1;0
1025;6;4;6;1;0;1;294;0;1;3;6;4;0
1026;0;7;0;1;0;1;20;0;0;5;0;7;0
1027;0;6;0;2;0;2;805;0;0;3;0;6;0
1028;0;5;0;1;0;1;116;0;0;4;0;5;0
1029;0;9;0;1;0;1;107;0;0;4;0;9;0
1030;8;5;8;2;0;2;76;0;1;2;8;6;0
1031;0;4;0;1;0;1;272;0;0;3;0;4;0
1032;0;15;0;2;0;2;719;0;0;4;0;15;0
1033;0;12;0;1;0;1;301;0;0;4;0;12;0
1034;9;6;9;3;0;1;359;0;1;3;9;6;0
1035;0;12;0;2;0;2;564;0;0;4;0;12;0
1036;29;3;28;3;1;0;0;2;2;1;29;3;1
1037;0;11;0;1;0;1;95;0;0;4;0;12;0
1038;0;1;0;1;0;0;0;0;0;1;0;1;0
1039;0;8;0;2;0;2;248;0;0;3;0;9;0
1040;0;1;0;1;0;0;0;0;0;1;0;1;0
1041;0;7;0;2;0;1;107;0;0;3;0;7;0
1042;0;0;0;0;0;0;0;0;0;0;0;0;0
1043;0;12;0;2;0;2;359;0;0;4;0;12;0
1044;0;13;0;3;0;1;196;0;0;4;0;13;0
1045;0;3;0;1;0;1;299;0;0;2;0;3;0
1046;0;4;0;1;0;1;15;0;0;3;0;4;0
1047;0;9;0;2;0;2;172;0;0;4;0;9;0
1048;0;6;0;2;0;2;219;0;0;4;0;7;0
1049;0;12;0;2;0;2;427;0;0;4;0;12;0
1050;0;3;0;1;0;1;199;0;0;3;0;3;0
1051;0;6;0;1;0;1;19;0;0;5;0;6;0
1052;0;7;0;1;0;1;431;0;0;4;0;7;0
1053;0;10;0;1;0;1;270;0;0;4;0;10;0
1054;0;9;0;1;0;1;216;0;0;4;0;9;0
1055;15;1;15;1;0;0;0;0;1;1;15;1;0
1056;0;16;0;1;0;1;266;0;0;6;0;19;0
1057;0;5;0;1;0;1;43;0;0;3;0;5;0
1058;5;20;5;2;0;2;1235;0;1;7;5;20;0
1059;0;10;0;1;0;1;9;0;0;5;0;10;0
1060;0;3;0;1;0;1;163;0;0;2;0;3;0
1061;0;6;0;1;0;1;524;0;0;3;0;6;0
1062;0;5;0;1;0;1;209;0;0;3;0;5;0
1063;0;9;0;2;0;2;1065;0;0;3;0;9;0
1064;0;11;0;1;0;1;502;0;0;5;0;12;0
1065;0;9;0;1;0;1;178;0;0;4;0;9;0
1066;0;9;0;1;0;1;79;0;0;5;0;9;0
1067;0;1;0;1;0;0;0;0;0;1;0;1;0
1068;0;3;0;1;0;1;27;0;0;2;0;3;0
1069;0;4;0;1;0;1;345;0;0;4;0;4;0
1070;0;6;0;1;0;1;185;0;0;3;0;6;0
1071;0;4;0;1;0;1;323;0;0;3;0;4;0
1072;0;7;0;1;0;1;185;0;0;4;0;7;0
1073;0;9;0;2;0;2;161;0;0;3;0;9;0
1074;0;6;0;1;0;1;167;0;0;4;0;6;0
1075;0;2;0;1;0;1;126;0;0;2;0;2;0
1076;0;3;0;1;0;1;171;0;0;2;0;3;0
1077;0;4;0;1;0;1;93;0;0;3;0;4;0
1078;0;8;0;2;0;2;669;0;0;4;0;8;0
1079;0;4;0;1;0;1;29;0;0;3;0;4;0
1080;17;1;17;1;0;0;0;0;1;1;17;1;0
1081;0;1;0;1;0;0;0;0;0;1;0;1;0
1082;0;6;0;1;0;1;303;0;0;4;0;6;0
1083;0;22;0;2;0;2;358;0;0;5;0;23;0
1084;0;12;0;1;0;1;448;0;0;10;0;14;0
1085;0;5;0;1;0;1;51;0;0;5;0;5;0
1086;0;6;0;1;0;1;265;0;0;3;0;6;0
1087;0;14;0;1;0;1;633;0;0;5;0;14;0
1088;0;15;0;2;0;2;1185;0;0;4;0;15;0
1089;0;11;0;1;0;1;338;0;0;6;0;11;0
1090;0;7;0;2;0;2;344;0;0;3;0;8;0
1091;36;8;32;2;3;2;413;1;2;4;36;9;1
1092;0;6;0;1;0;1;35;0;0;4;0;6;0
1093;0;1;0;1;0;0;0;0;0;1;0;1;0
1094;0;3;0;2;0;1;63;0;0;2;0;3;0
1095;0;17;0;2;0;2;228;0;0;5;0;17;0
1096;0;3;0;1;0;1;121;0;0;2;0;4;0
1097;0;5;0;1;0;1;584;0;0;4;0;5;0
1098;0;9;0;1;0;1;238;0;0;4;0;9;0
1099;99;2;42;2;7;0;0;22;3;1;99;2;5
1100;0;11;0;1;0;1;266;0;0;4;0;11;0
1101;0;8;0;1;0;1;81;0;0;4;0;8;0
1102;0;15;0;3;0;3;792;0;0;5;0;15;0
1103;0;3;0;1;0;1;7;0;0;2;0;3;0
1104;0;11;0;1;0;1;414;0;0;5;0;11;0
1105;0;4;0;1;0;1;178;0;0;3;0;4;0
1106;0;13;0;2;0;2;701;0;0;4;0;13;0
1107;6;19;6;2;0;2;778;0;1;9;6;21;0
1108;0;10;0;2;0;2;661;0;0;4;0;10;0
1109;0;16;0;2;0;2;177;0;0;5;0;16;0
1110;0;7;0;1;0;1;139;0;0;4;0;7;0
1111;1;8;1;3;0;3;29;0;1;3;1;9;0
1112;0;6;0;1;0;1;90;0;0;3;0;6;0
1113;137;2;36;1;8;1;68;25;4;2;137;2;6
1114;0;13;0;1;0;1;25;0;0;6;0;13;0
1115;0;12;0;2;0;2;167;0;0;5;0;13;0
1116;0;2;0;1;0;1;179;0;0;2;0;2;0
1117;1;4;1;2;0;1;2;0;1;2;1;4;0
1118;0;6;0;1;0;1;52;0;0;3;0;6;0
1119;0;4;0;1;0;1;13;0;0;3;0;4;0
1120;0;1;0;1;0;0;0;0;0;1;0;1;0
1121;0;13;0;1;0;1;54;0;0;6;0;15;0
1122;0;8;0;1;0;1;132;0;0;4;0;8;0
1123;0;5;0;1;0;1;342;0;0;3;0;5;0
1124;0;7;0;3;0;2;93;0;0;4;0;7;0
1125;0;3;0;3;0;0;0;0;0;1;0;3;0
1126;0;5;0;1;0;1;88;0;0;4;0;6;0
1127;0;4;0;1;0;1;221;0;0;3;0;4;0
1128;10;5;8;2;1;2;205;1;2;3;10;5;1
1129;0;4;0;1;0;1;65;0;0;3;0;4;0
1130;0;4;0;1;0;1;212;0;0;4;0;4;0
1131;0;8;0;1;0;1;140;0;0;5;0;8;0
1132;0;5;0;2;0;2;33;0;0;3;0;6;0
1133;0;1;0;1;0;0;0;0;0;1;0;1;0
1134;0;14;0;1;0;1;224;0;0;5;0;14;0
1135;0;8;0;1;0;1;61;0;0;4;0;8;0
1136;3;8;3;2;0;2;633;0;1;4;3;8;0
1137;0;6;0;1;0;1;187;0;0;4;0;6;0
1138;1;8;1;2;0;2;411;0;1;4;1;8;0
1139;0;10;0;2;0;2;270;0;0;4;0;10;0
1140;0;8;0;1;0;1;23;0;0;4;0;8;0
1141;0;5;0;1;0;1;194;0;0;3;0;5;0
1142;0;2;0;2;0;0;0;0;0;1;0;2;0
1143;0;2;0;1;0;1;70;0;0;2;0;2;0
1144;1;12;1;2;0;2;816;0;1;5;1;12;0
1145;0;2;0;1;0;1;305;0;0;2;0;2;0
1146;160;2;42;1;10;1;25;29;3;2;161;2;6
1147;3;8;3;1;0;1;395;0;1;4;3;9;0
1148;0;2;0;1;0;1;11;0;0;2;0;2;0
1149;0;7;0;1;0;1;118;0;0;4;0;7;0
1150;0;7;0;1;0;1;590;0;0;3;0;7;0
1151;14;7;9;2;2;1;434;3;2;3;14;7;2
1152;0;2;0;1;0;1;79;0;0;2;0;2;0
1153;0;12;0;1;0;1;138;0;0;5;0;13;0
1154;0;3;0;1;0;1;287;0;0;3;0;3;0
1155;6;4;6;1;0;1;829;0;1;3;6;4;0
1156;0;2;0;1;0;1;266;0;0;2;0;2;0
1157;0;2;0;1;0;1;67;0;0;2;0;2;0
1158;0;11;0;2;0;2;293;0;0;5;0;11;0
1159;0;6;0;2;0;1;56;0;0;3;0;6;0
1160;0;3;0;1;0;1;193;0;0;3;0;3;0
1161;0;13;0;1;0;1;190;0;0;5;0;14;0
1162;0;3;0;1;0;1;417;0;0;3;0;3;0
1163;0;2;0;1;0;1;14;0;0;2;0;2;0
1164;0;4;0;1;0;1;272;0;0;3;0;4;0
1165;0;4;0;1;0;1;326;0;0;3;0;4;0
1166;1;5;1;2;0;2;283;0;1;3;1;6;0
1167;0;4;0;1;0;1;491;0;0;3;0;4;0
1169;0;3;0;1;0;1;57;0;0;2;0;3;0
1170;3;2;3;1;0;1;114;0;1;2;3;2;0
1171;0;11;0;1;0;1;422;0;0;5;0;12;0
1172;0;10;0;1;0;1;268;0;0;4;0;10;0
1173;0;6;0;2;0;2;374;0;0;2;0;6;0
1174;0;10;0;2;0;1;2023;0;0;4;0;10;0
1175;0;6;0;1;0;1;167;0;0;3;0;7;0
1176;0;8;0;1;0;1;2;0;0;4;0;8;0
1177;0;7;0;1;0;1;204;0;0;4;0;8;0
1178;0;11;0;1;0;1;239;0;0;4;0;11;0
1179;0;5;0;1;0;1;93;0;0;4;0;5;0
1180;0;3;0;1;0;1;336;0;0;3;0;3;0
1181;5;2;5;2;0;0;0;0;1;1;5;2;0
1182;0;10;0;1;0;1;40;0;0;5;0;10;0
1183;0;4;0;1;0;1;114;0;0;4;0;5;0
1184;0;17;0;1;0;1;173;0;0;5;0;17;0
1185;0;20;0;2;0;2;261;0;0;4;0;22;0
1186;0;2;0;1;0;1;29;0;0;2;0;2;0
1187;0;10;0;1;0;1;152;0;0;5;0;10;0
1188;0;4;0;2;0;2;170;0;0;2;0;4;0
1189;0;4;0;2;0;1;62;0;0;2;0;4;0
1190;0;3;0;1;0;1;23;0;0;3;0;3;0
1191;0;4;0;1;0;1;305;0;0;3;0;4;0
1192;56;2;44;2;6;0;0;7;2;1;56;2;2
1193;0;21;0;1;0;1;47;0;0;7;0;22;0
1194;0;14;0;1;0;1;339;0;0;5;0;14;0
1195;0;2;0;1;0;1;59;0;0;2;0;2;0
1196;0;8;0;3;0;2;245;0;0;4;0;8;0
1197;19;10;19;2;0;2;378;0;1;4;19;10;0
1198;0;3;0;1;0;1;479;0;0;3;0;3;0
1199;0;5;0;1;0;1;458;0;0;4;0;5;0
1200;0;1;0;1;0;0;0;0;0;1;0;1;0
1201;0;10;0;1;0;1;61;0;0;5;0;10;0
1202;41;2;14;1;3;1;14;9;3;2;41;2;3
1203;0;3;0;1;0;1;199;0;0;3;0;3;0
1204;0;5;0;1;0;1;180;0;0;4;0;5;0
1205;0;4;0;2;0;1;18;0;0;2;0;4;0
1206;1;7;1;2;0;2;565;0;1;3;1;8;0
1207;0;4;0;1;0;1;67;0;0;4;0;4;0
1208;0;6;0;1;0;1;173;0;0;4;0;6;0
1209;0;3;0;1;0;1;157;0;0;2;0;3;0
1210;0;10;0;1;0;1;33;0;0;6;0;10;0
1211;0;6;0;1;0;1;147;0;0;3;0;6;0
1212;0;11;0;2;0;1;268;0;0;4;0;11;0
1213;0;8;0;2;0;2;67;0;0;4;0;8;0
1214;0;1;0;1;0;0;0;0;0;1;0;1;0
1215;0;6;0;1;0;1;147;0;0;4;0;6;0
1216;0;4;0;2;0;2;85;0;0;2;0;4;0
1217;0;6;0;1;0;1;76;0;0;4;0;6;0
1218;0;2;0;1;0;1;262;0;0;2;0;2;0
1219;0;3;0;1;0;1;41;0;0;2;0;3;0
1220;0;3;0;1;0;1;237;0;0;3;0;3;0
1221;2;3;2;1;0;1;79;0;1;3;2;3;0
1222;0;5;0;1;0;1;909;0;0;3;0;5;0
1223;0;11;0;1;0;1;644;0;0;3;0;11;0
1224;0;14;0;1;0;1;42;0;0;5;0;14;0
1225;0;3;0;1;0;1;74;0;0;2;0;3;0
1226;0;16;0;2;0;2;649;0;0;5;0;16;0
1227;0;9;0;1;0;1;488;0;0;4;0;9;0
1228;0;5;0;1;0;1;312;0;0;4;0;6;0
1229;0;4;0;1;0;1;1196;0;0;3;0;4;0
1230;0;10;0;1;0;1;120;0;0;5;0;10;0
1231;0;11;0;2;0;2;264;0;0;4;0;11;0
1232;0;8;0;2;0;1;243;0;0;5;0;8;0
1233;0;4;0;1;0;1;308;0;0;4;0;4;0
1234;0;11;0;2;0;2;820;0;0;5;0;11;0
1235;0;1;0;1;0;0;0;0;0;1;0;1;0
1236;0;8;0;1;0;1;11;0;0;5;0;9;0
1237;0;9;0;1;0;1;667;0;0;4;0;9;0
1238;162;0;9;0;3;0;0;51;4;0;163;0;3
1239;0;3;0;1;0;1;208;0;0;3;0;3;0
1240;0;5;0;1;0;1;190;0;0;3;0;5;0
1241;80;4;13;2;8;2;123;31;3;2;80;4;5
1242;0;7;0;1;0;1;222;0;0;5;0;8;0
1243;0;6;0;2;0;2;621;0;0;2;0;6;0
1244;0;5;0;1;0;1;210;0;0;3;0;6;0
1245;0;11;0;1;0;1;30;0;0;4;0;11;0
1246;0;3;0;1;0;1;73;0;0;2;0;3;0
1247;0;5;0;1;0;1;162;0;0;3;0;5;0
1248;0;1;0;1;0;0;0;0;0;1;0;1;0
1249;0;17;0;2;0;2;1061;0;0;5;0;18;0
1250;0;16;0;1;0;1;11;0;0;6;0;17;0
1251;0;3;0;1;0;1;443;0;0;3;0;3;0
1252;24;6;24;2;0;1;523;0;1;4;24;6;0
1253;1;6;1;2;0;1;1086;0;1;3;1;6;0
1254;0;16;0;1;0;1;75;0;0;9;0;16;0
1255;1;2;1;1;0;1;50;0;1;2;1;2;0
1256;0;3;0;1;0;1;561;0;0;3;0;3;0
1257;0;9;0;2;0;2;443;0;0;4;0;11;0
1258;1;10;1;2;0;2;879;0;1;4;1;10;0
1259;0;4;0;1;0;1;534;0;0;3;0;4;0
1260;0;6;0;1;0;1;288;0;0;4;0;7;0
1261;0;4;0;1;0;1;101;0;0;3;0;4;0
1262;6;5;6;2;0;2;250;0;1;3;6;6;0
1263;0;7;0;1;0;1;542;0;0;3;0;7;0
1264;0;11;0;1;0;1;241;0;0;4;0;12;0
1265;0;11;0;2;0;2;205;0;0;4;0;11;0
1266;0;5;0;1;0;1;48;0;0;3;0;5;0
1267;0;6;0;1;0;1;240;0;0;3;0;6;0
1268;0;8;0;1;0;1;3;0;0;5;0;8;0
1269;1;6;1;1;0;1;858;0;1;3;1;6;0
1270;0;4;0;1;0;1;78;0;0;3;0;4;0
1271;99;2;11;2;4;0;0;22;5;1;100;2;3
1272;0;3;0;1;0;1;98;0;0;3;0;3;0
1273;0;3;0;1;0;1;312;0;0;2;0;3;0
1274;0;9;0;1;0;1;75;0;0;4;0;9;0
1275;0;7;0;1;0;1;101;0;0;4;0;7;0
1276;0;7;0;1;0;1;140;0;0;4;0;7;0
1277;0;3;0;1;0;1;74;0;0;2;0;3;0
1278;0;6;0;1;0;1;211;0;0;3;0;6;0
1279;0;6;0;2;0;2;741;0;0;3;0;6;0
1280;0;7;0;1;0;1;185;0;0;4;0;7;0
1281;34;6;34;1;0;1;66;0;1;4;34;6;0
1282;3;5;3;1;0;1;110;0;1;4;3;5;0
1283;0;11;0;1;0;1;628;0;0;5;0;11;0
1284;3;1;3;1;0;0;0;0;1;1;3;1;0
1285;0;10;0;1;0;1;76;0;0;4;0;10;0
1286;0;1;0;1;0;0;0;0;0;1;0;1;0
1287;0;3;0;1;0;1;213;0;0;3;0;3;0
1288;0;3;0;1;0;1;23;0;0;2;0;3;0
1289;0;8;0;1;0;1;302;0;0;5;0;8;0
1290;0;3;0;1;0;1;253;0;0;3;0;3;0
1291;0;5;0;1;0;1;29;0;0;4;0;5;0
1292;0;2;0;2;0;0;0;0;0;1;0;2;0
1293;0;4;0;2;0;2;63;0;0;2;0;4;0
1294;0;1;0;1;0;0;0;0;0;1;0;1;0
1295;0;9;0;1;0;1;321;0;0;5;0;9;0
1296;0;4;0;1;0;1;19;0;0;4;0;4;0
1297;0;7;0;1;0;1;189;0;0;4;0;7;0
1298;0;1;0;1;0;0;0;0;0;1;0;1;0
1299;0;7;0;1;0;1;180;0;0;4;0;7;0
1300;0;1;0;1;0;0;0;0;0;1;0;1;0
1301;0;6;0;1;0;1;392;0;0;4;0;6;0
1302;0;5;0;1;0;1;1433;0;0;3;0;5;0
1303;0;5;0;1;0;1;11;0;0;4;0;5;0
1304;0;10;0;1;0;1;308;0;0;4;0;10;0
1305;0;6;0;1;0;1;187;0;0;3;0;7;0
1306;0;6;0;1;0;1;225;0;0;4;0;6;0
1307;0;8;0;2;0;2;1286;0;0;3;0;8;0
1308;0;4;0;1;0;1;18;0;0;3;0;4;0
1309;0;3;0;1;0;1;5;0;0;3;0;3;0
1310;0;6;0;1;0;1;47;0;0;4;0;6;0
1311;0;5;0;1;0;1;233;0;0;3;0;5;0
1312;0;1;0;1;0;0;0;0;0;1;0;1;0
1313;0;3;0;1;0;1;610;0;0;3;0;3;0
1314;0;10;0;1;0;1;322;0;0;4;0;10;0
1315;0;7;0;2;0;1;280;0;0;3;0;7;0
1316;0;5;0;1;0;1;56;0;0;4;0;5;0
1317;4;2;4;1;0;1;13;0;1;2;4;2;0
1318;0;5;0;1;0;1;552;0;0;3;0;5;0
1319;0;5;0;1;0;1;398;0;0;3;0;5;0
1320;0;13;0;1;0;1;36;0;0;5;0;13;0
1321;0;1;0;1;0;0;0;0;0;1;0;1;0
1322;0;2;0;2;0;0;0;0;0;1;0;2;0
1323;0;1;0;1;0;0;0;0;0;1;0;1;0
1324;0;2;0;1;0;1;499;0;0;2;0;2;0
1325;0;2;0;2;0;0;0;0;0;1;0;2;0
1326;0;8;0;1;0;1;175;0;0;5;0;8;0
1327;0;3;0;1;0;1;86;0;0;2;0;3;0
1328;0;4;0;1;0;1;167;0;0;3;0;4;0
1329;0;7;0;1;0;1;177;0;0;4;0;7;0
1330;0;5;0;1;0;1;371;0;0;3;0;5;0
1331;0;3;0;1;0;1;182;0;0;3;0;3;0
1332;0;3;0;1;0;1;770;0;0;2;0;3;0
1333;14;3;14;1;0;1;167;0;1;2;14;3;0
1334;0;12;0;1;0;1;610;0;0;5;0;12;0
1335;0;13;0;2;0;2;176;0;0;4;0;13;0
1336;0;5;0;1;0;1;228;0;0;4;0;5;0
1337;14;5;13;1;1;1;561;0;2;3;14;5;1
1338;0;10;0;2;0;1;475;0;0;4;0;10;0
1339;0;4;0;1;0;1;302;0;0;3;0;4;0
1340;0;2;0;1;0;1;0;0;0;2;0;2;0
1341;0;3;0;1;0;1;920;0;0;3;0;3;0
1343;0;3;0;1;0;1;182;0;0;3;0;3;0
1344;0;11;0;1;0;1;238;0;0;6;0;11;0
1345;0;6;0;1;0;1;276;0;0;4;0;6;0
1346;0;3;0;1;0;1;28;0;0;2;0;3;0
1347;0;4;0;1;0;1;379;0;0;3;0;4;0
1348;0;5;0;1;0;1;258;0;0;3;0;5;0
1349;0;3;0;1;0;1;20;0;0;2;0;3;0
1350;0;3;0;1;0;1;88;0;0;3;0;3;0
1351;0;16;0;2;0;2;634;0;0;7;0;16;0
1352;0;11;0;2;0;2;143;0;0;4;0;11;0
1353;0;15;0;2;0;2;1662;0;0;9;0;16;0
1354;0;4;0;1;0;1;141;0;0;3;0;4;0
1355;0;3;0;1;0;1;25;0;0;2;0;3;0
1356;0;5;0;1;0;1;124;0;0;3;0;5;0
1357;0;6;0;1;0;1;243;0;0;4;0;6;0
1358;0;14;0;1;0;1;166;0;0;5;0;14;0
1359;0;11;0;1;0;1;609;0;0;7;0;11;0
1360;6;19;6;3;0;3;1234;0;1;4;6;21;0
1361;0;11;0;1;0;1;231;0;0;5;0;11;0
1362;0;13;0;1;0;1;306;0;0;5;0;13;0
1363;0;9;0;1;0;1;18;0;0;6;0;9;0
1364;0;5;0;1;0;1;174;0;0;3;0;5;0
1365;0;6;0;1;0;1;104;0;0;3;0;6;0
1366;0;0;0;0;0;0;0;0;0;0;0;0;0
1367;40;0;8;0;1;0;0;1;2;0;40;0;1
1368;0;2;0;1;0;1;25;0;0;2;0;2;0
1369;0;5;0;1;0;1;39;0;0;3;0;5;0
1370;0;12;0;2;0;2;584;0;0;4;0;12;0
1371;0;7;0;2;0;2;757;0;0;4;0;7;0
1372;0;5;0;1;0;1;134;0;0;3;0;5;0
1373;0;2;0;1;0;1;52;0;0;2;0;2;0
1374;0;6;0;1;0;1;705;0;0;3;0;6;0
1375;0;4;0;1;0;1;168;0;0;2;0;4;0
1376;0;20;0;1;0;1;21;0;0;7;0;21;0
1377;0;3;0;2;0;2;126;0;0;3;0;4;0
1378;19;3;17;2;1;1;31;1;2;2;19;3;1
1379;0;6;0;1;0;1;125;0;0;4;0;7;0
1380;0;4;0;1;0;1;201;0;0;3;0;4;0
1381;0;3;0;1;0;1;21;0;0;2;0;3;0
1382;0;7;0;1;0;1;44;0;0;4;0;7;0
1383;0;2;0;1;0;1;34;0;0;2;0;2;0
1384;0;1;0;1;0;0;0;0;0;1;0;1;0
1385;0;1;0;1;0;0;0;0;0;1;0;1;0
1386;2;5;2;1;0;1;332;0;1;3;2;5;0
1387;0;19;0;2;0;2;192;0;0;6;0;20;0
1388;7;5;7;1;0;1;1086;0;1;3;7;5;0
1389;0;10;0;3;0;3;365;0;0;3;0;11;0
1390;0;5;0;1;0;1;6;0;0;3;0;5;0
1391;0;7;0;1;0;1;371;0;0;4;0;7;0
1392;0;5;0;1;0;1;90;0;0;4;0;5;0
1393;0;4;0;1;0;1;207;0;0;3;0;4;0
1394;0;4;0;1;0;1;438;0;0;3;0;4;0
1395;0;4;0;1;0;1;18;0;0;4;0;4;0
1396;0;4;0;1;0;1;17;0;0;3;0;4;0
1397;0;11;0;1;0;1;108;0;0;5;0;11;0
1398;0;5;0;1;0;1;643;0;0;3;0;5;0
1399;0;2;0;1;0;1;17;0;0;2;0;2;0
1400;0;5;0;1;0;1;188;0;0;4;0;6;0
1401;0;1;0;1;0;0;0;0;0;1;0;1;0
1402;0;6;0;1;0;1;197;0;0;4;0;6;0
1403;0;4;0;1;0;1;37;0;0;4;0;4;0
1404;0;5;0;2;0;1;134;0;0;4;0;5;0
1405;4;8;4;2;0;2;239;0;1;3;4;8;0
1406;0;10;0;1;0;1;151;0;0;5;0;10;0
1407;28;3;26;1;1;1;167;0;2;2;28;3;1
1408;0;4;0;1;0;1;3;0;0;3;0;4;0
1409;0;9;0;1;0;1;44;0;0;5;0;9;0
1410;0;11;0;1;0;1;307;0;0;4;0;14;0
1411;0;6;0;1;0;1;257;0;0;4;0;6;0
1412;0;14;0;1;0;1;70;0;0;4;0;14;0
1413;0;1;0;1;0;0;0;0;0;1;0;1;0
1414;0;9;0;1;0;1;314;0;0;4;0;10;0
1415;0;5;0;2;0;1;81;0;0;3;0;5;0
1416;0;12;0;1;0;1;48;0;0;5;0;12;0
1417;103;3;47;2;11;1;22;24;2;2;104;3;4
1418;0;6;0;2;0;2;376;0;0;2;0;6;0
1419;4;8;4;1;0;1;288;0;1;4;4;8;0
1420;4;8;4;1;0;1;102;0;1;4;4;8;0
1421;92;1;27;1;10;0;0;17;2;1;92;1;5
1422;0;7;0;2;0;2;528;0;0;3;0;7;0
1423;0;7;0;1;0;1;481;0;0;3;0;7;0
1424;0;6;0;1;0;1;153;0;0;5;0;6;0
1425;0;2;0;1;0;1;31;0;0;2;0;2;0
1426;0;11;0;1;0;1;337;0;0;5;0;11;0
1427;0;4;0;1;0;1;383;0;0;2;0;4;0
1428;8;9;8;2;0;2;2192;0;1;3;8;9;0
1429;0;15;0;1;0;1;952;0;0;5;0;16;0
1430;0;4;0;1;0;1;152;0;0;3;0;4;0
1431;0;3;0;1;0;1;134;0;0;3;0;3;0
1432;0;8;0;2;0;2;695;0;0;3;0;9;0
1433;0;3;0;1;0;1;98;0;0;2;0;3;0
1434;0;7;0;1;0;1;89;0;0;3;0;7;0
1435;0;7;0;1;0;1;23;0;0;5;0;7;0
1436;4;16;4;2;0;2;291;0;1;5;4;17;0
1437;0;8;0;1;0;1;94;0;0;4;0;9;0
1438;0;4;0;1;0;1;74;0;0;3;0;4;0
1439;0;9;0;1;0;1;153;0;0;5;0;9;0
1440;0;0;0;0;0;0;0;0;0;0;0;0;0
1441;0;3;0;1;0;1;219;0;0;2;0;3;0
1442;0;9;0;2;0;2;22;0;0;3;0;9;0
1443;0;5;0;1;0;1;56;0;0;3;0;5;0
1444;0;3;0;1;0;1;89;0;0;2;0;3;0
1445;0;6;0;2;0;2;84;0;0;2;0;6;0
1446;0;5;0;1;0;1;85;0;0;3;0;5;0
1447;0;8;0;1;0;1;188;0;0;5;0;8;0
1448;0;3;0;1;0;1;109;0;0;3;0;3;0
1449;0;13;0;2;0;2;737;0;0;4;0;13;0
1450;0;9;0;2;0;2;908;0;0;3;0;9;0
1451;0;4;0;1;0;1;257;0;0;3;0;4;0
1452;0;6;0;1;0;1;64;0;0;4;0;6;0
1453;0;4;0;1;0;1;167;0;0;3;0;4;0
1454;0;4;0;1;0;1;70;0;0;4;0;4;0
1455;0;9;0;2;0;2;163;0;0;3;0;10;0
1456;0;5;0;1;0;1;565;0;0;4;0;5;0
1457;1;6;1;2;0;2;163;0;1;3;1;6;0
1458;0;6;0;2;0;2;29;0;0;4;0;7;0
1459;70;14;44;3;3;3;859;9;2;4;70;14;2
1460;0;0;0;0;0;0;0;0;0;0;0;0;0
1461;0;3;0;1;0;1;18;0;0;3;0;3;0
1462;1;20;1;2;0;2;363;0;1;5;1;20;0
1463;0;9;0;1;0;1;285;0;0;6;0;9;0
1464;0;16;0;2;0;1;8;0;0;6;0;16;0
1465;0;3;0;1;0;1;318;0;0;2;0;3;0
1466;0;19;0;1;0;1;26;0;0;6;0;19;0
1467;0;8;0;1;0;1;397;0;0;3;0;8;0
1468;0;2;0;1;0;1;163;0;0;2;0;2;0
1469;0;4;0;2;0;1;65;0;0;3;0;4;0
1470;0;4;0;1;0;1;1424;0;0;4;0;4;0
1471;0;6;0;1;0;1;810;0;0;3;0;6;0
1472;0;2;0;1;0;1;45;0;0;2;0;2;0
1473;0;9;0;2;0;2;94;0;0;3;0;9;0
1474;0;4;0;1;0;1;210;0;0;4;0;4;0
1475;0;18;0;2;0;2;137;0;0;5;0;18;0
1476;2;4;2;1;0;1;114;0;1;3;2;4;0
1477;0;5;0;1;0;1;153;0;0;4;0;5;0
1478;0;8;0;1;0;1;316;0;0;4;0;8;0
1479;24;5;24;2;0;1;79;0;1;3;24;5;0
1480;0;8;0;2;0;2;638;0;0;3;0;8;0
1481;0;2;0;2;0;0;0;0;0;1;0;2;0
1482;0;6;0;1;0;1;354;0;0;3;0;6;0
1483;0;5;0;1;0;1;150;0;0;3;0;5;0
1484;0;7;0;1;0;1;95;0;0;5;0;7;0
1485;0;17;0;2;0;1;44;0;0;5;0;17;0
1486;0;11;0;1;0;1;106;0;0;5;0;11;0
1487;0;9;0;2;0;1;87;0;0;4;0;9;0
1488;0;1;0;1;0;0;0;0;0;1;0;1;0
1489;0;11;0;2;0;2;570;0;0;4;0;11;0
1490;0;4;0;1;0;1;158;0;0;3;0;4;0
1491;0;3;0;1;0;1;112;0;0;3;0;3;0
1492;0;1;0;1;0;0;0;0;0;1;0;1;0
1493;0;6;0;1;0;1;301;0;0;4;0;9;0
1494;0;7;0;1;0;1;13;0;0;5;0;7;0
1495;0;3;0;1;0;1;62;0;0;3;0;3;0
1496;0;8;0;1;0;1;177;0;0;4;0;8;0
1497;0;7;0;1;0;1;829;0;0;4;0;8;0
1498;0;3;0;1;0;1;62;0;0;2;0;3;0
1499;0;5;0;1;0;1;64;0;0;4;0;5;0
1500;0;1;0;1;0;0;0;0;0;1;0;1;0
1501;0;6;0;1;0;1;32;0;0;5;0;6;0
1502;0;8;0;1;0;1;167;0;0;6;0;8;0
1503;0;1;0;1;0;0;0;0;0;1;0;1;0
1504;0;3;0;1;0;1;0;0;0;2;0;3;0
1505;1;3;1;2;0;2;91;0;1;2;1;4;0
1506;0;4;0;1;0;1;353;0;0;3;0;4;0
1507;0;7;0;1;0;1;144;0;0;4;0;7;0
1508;0;5;0;1;0;1;462;0;0;3;0;5;0
1509;0;7;0;1;0;1;185;0;0;5;0;7;0
1510;11;2;11;1;0;1;50;0;1;2;11;2;0
1511;0;5;0;1;0;1;248;0;0;3;0;5;0
1512;0;17;0;2;0;2;236;0;0;5;0;17;0
1513;0;5;0;1;0;1;57;0;0;3;0;5;0
1514;0;4;0;1;0;1;31;0;0;4;0;4;0
1515;245;1;33;1;8;0;0;59;4;1;247;1;5
1516;0;4;0;1;0;1;351;0;0;3;0;4;0
1517;4;5;4;2;0;2;212;0;1;3;4;5;0
1518;0;12;0;2;0;2;189;0;0;4;0;13;0
1519;0;3;0;1;0;1;74;0;0;3;0;3;0
1520;0;3;0;1;0;1;289;0;0;3;0;3;0
1521;0;20;0;2;0;2;84;0;0;8;0;20;0
1522;0;7;0;1;0;1;286;0;0;3;0;7;0
1523;0;6;0;1;0;1;219;0;0;4;0;7;0
1524;0;3;0;1;0;1;125;0;0;3;0;3;0
1525;0;6;0;1;0;1;79;0;0;3;0;6;0
1526;0;10;0;1;0;1;253;0;0;5;0;10;0
1528;0;12;0;2;0;2;148;0;0;5;0;12;0
1529;0;1;0;1;0;0;0;0;0;1;0;1;0
1530;0;14;0;2;0;2;336;0;0;4;0;14;0
1531;0;7;0;1;0;1;235;0;0;3;0;7;0
1533;0;3;0;1;0;1;19;0;0;2;0;3;0
1534;0;10;0;1;0;1;328;0;0;4;0;10;0
1535;0;18;0;3;0;2;123;0;0;5;0;18;0
1536;0;6;0;1;0;1;38;0;0;4;0;6;0
1537;0;10;0;1;0;1;3;0;0;5;0;12;0
1538;0;7;0;2;0;2;306;0;0;3;0;7;0
1539;0;9;0;1;0;1;100;0;0;4;0;9;0
1540;5;1;5;1;0;0;0;0;1;1;5;1;0
1541;539;0;23;0;16;0;0;96;5;0;549;0;8
1542;4;1;4;1;0;0;0;0;1;1;4;1;0
1543;0;2;0;1;0;1;35;0;0;2;0;2;0
1544;0;5;0;1;0;1;236;0;0;4;0;5;0
1545;0;11;0;1;0;1;528;0;0;5;0;11;0
1546;0;6;0;2;0;1;412;0;0;3;0;6;0
1547;62;5;40;2;4;1;40;4;2;3;62;5;3
1548;2;10;2;2;0;2;136;0;1;4;2;10;0
1549;0;6;0;1;0;1;263;0;0;4;0;6;0
1550;0;7;0;1;0;1;76;0;0;5;0;7;0
1551;0;8;0;1;0;1;258;0;0;4;0;8;0
1552;0;9;0;1;0;1;75;0;0;4;0;10;0
1553;0;1;0;1;0;0;0;0;0;1;0;1;0
1554;0;7;0;1;0;1;32;0;0;4;0;7;0
1555;0;9;0;2;0;2;372;0;0;4;0;10;0
1556;0;5;0;1;0;1;38;0;0;4;0;5;0
1557;305;1;31;1;5;0;0;51;4;1;305;1;5
1558;0;5;0;1;0;1;194;0;0;4;0;5;0
1559;0;9;0;1;0;1;20;0;0;4;0;9;0
1560;0;7;0;1;0;1;53;0;0;4;0;8;0
1561;0;1;0;1;0;0;0;0;0;1;0;1;0
1562;0;5;0;1;0;1;392;0;0;4;0;5;0
1563;0;13;0;1;0;1;620;0;0;5;0;14;0
1564;0;4;0;1;0;1;70;0;0;4;0;4;0
1565;0;5;0;2;0;1;188;0;0;4;0;5;0
1566;0;11;0;2;0;2;810;0;0;4;0;11;0
1567;0;1;0;1;0;0;0;0;0;1;0;1;0
1568;0;6;0;1;0;1;120;0;0;4;0;6;0
1569;0;9;0;1;0;1;219;0;0;4;0;9;0
1570;0;12;0;3;0;2;2123;0;0;4;0;14;0
1571;1;10;1;2;0;2;350;0;1;3;1;10;0
1572;0;4;0;1;0;1;131;0;0;4;0;4;0
1573;0;4;0;1;0;1;80;0;0;3;0;4;0
1574;0;6;0;1;0;1;476;0;0;4;0;6;0
1575;0;9;0;2;0;2;731;0;0;4;0;9;0
1576;0;3;0;1;0;1;121;0;0;2;0;4;0
1577;0;6;0;1;0;1;824;0;0;4;0;6;0
1578;0;3;0;1;0;1;53;0;0;2;0;3;0
1579;0;39;0;2;0;2;365;0;0;6;0;39;0
1580;0;3;0;1;0;1;47;0;0;3;0;3;0
1581;0;2;0;1;0;1;87;0;0;2;0;2;0
1582;0;4;0;1;0;1;586;0;0;3;0;4;0
1583;0;8;0;1;0;1;215;0;0;5;0;8;0
1584;0;3;0;1;0;1;143;0;0;2;0;4;0
1585;0;4;0;1;0;1;81;0;0;3;0;4;0
1586;0;1;0;1;0;0;0;0;0;1;0;1;0
1587;40;3;32;1;3;1;45;3;2;2;40;3;2
1588;0;10;0;3;0;2;603;0;0;4;0;10;0
1589;0;1;0;1;0;0;0;0;0;1;0;1;0
1590;0;5;0;1;0;1;397;0;0;3;0;5;0
1591;0;8;0;1;0;1;190;0;0;4;0;8;0
1592;0;7;0;1;0;1;3;0;0;4;0;7;0
1593;24;2;15;1;1;1;254;5;2;2;24;2;1
1594;63;8;23;2;6;2;645;20;3;3;64;8;4
1595;0;9;0;1;0;1;160;0;0;5;0;9;0
1596;0;9;0;1;0;1;92;0;0;4;0;9;0
1597;0;2;0;1;0;1;99;0;0;2;0;2;0
1598;0;7;0;1;0;1;761;0;0;3;0;7;0
1599;0;10;0;2;0;1;114;0;0;5;0;10;0
1600;0;5;0;1;0;1;64;0;0;4;0;5;0
1601;0;1;0;1;0;0;0;0;0;1;0;1;0
1602;0;3;0;1;0;1;300;0;0;3;0;3;0
1603;11;2;11;2;0;0;0;0;1;1;11;2;0
1604;0;4;0;1;0;1;146;0;0;3;0;4;0
1605;0;6;0;1;0;1;383;0;0;4;0;7;0
1606;0;5;0;1;0;1;12;0;0;4;0;5;0
1607;0;11;0;1;0;1;129;0;0;6;0;11;0
1608;0;4;0;2;0;2;174;0;0;2;0;4;0
1609;0;8;0;2;0;1;71;0;0;4;0;8;0
1610;0;5;0;1;0;1;531;0;0;3;0;5;0
1611;0;8;0;1;0;1;371;0;0;5;0;8;0
1612;0;6;0;2;0;2;358;0;0;3;0;6;0
1613;0;14;0;2;0;2;328;0;0;4;0;14;0
1614;2;6;2;2;0;2;255;0;1;3;2;6;0
1615;0;2;0;1;0;1;41;0;0;2;0;2;0
1616;0;5;0;1;0;1;13;0;0;4;0;5;0
1617;3;4;3;2;0;1;32;0;1;2;3;4;0
1618;0;8;0;2;0;2;183;0;0;4;0;8;0
1619;0;3;0;1;0;1;176;0;0;2;0;3;0
1620;0;4;0;1;0;1;177;0;0;3;0;4;0
1622;0;2;0;1;0;1;38;0;0;2;0;2;0
1623;0;5;0;1;0;1;50;0;0;5;0;5;0
1624;0;13;0;2;0;2;447;0;0;5;0;13;0
1625;4;1;4;1;0;0;0;0;1;1;4;1;0
1626;0;11;0;2;0;2;415;0;0;5;0;11;0
1627;0;4;0;1;0;1;89;0;0;3;0;4;0
1628;37;3;33;1;1;1;22;2;2;2;37;3;1
1629;0;6;0;1;0;1;103;0;0;3;0;6;0
1630;0;4;0;2;0;1;19;0;0;2;0;4;0
1631;0;9;0;2;0;2;1482;0;0;4;0;10;0
1632;3;2;2;2;1;0;0;1;2;1;3;2;1
1633;0;2;0;1;0;1;1654;0;0;2;0;2;0
1634;0;1;0;1;0;0;0;0;0;1;0;1;0
1635;0;3;0;1;0;1;9;0;0;2;0;3;0
1636;0;4;0;1;0;1;345;0;0;3;0;5;0
1637;0;11;0;1;0;1;204;0;0;5;0;11;0
1638;0;2;0;1;0;1;61;0;0;2;0;2;0
1639;0;28;0;1;0;1;164;0;0;9;0;28;0
1640;0;1;0;1;0;0;0;0;0;1;0;1;0
1641;0;5;0;1;0;1;19;0;0;4;0;5;0
1642;0;3;0;1;0;1;293;0;0;2;0;3;0
1643;0;5;0;1;0;1;125;0;0;3;0;5;0
1644;0;4;0;1;0;1;59;0;0;4;0;4;0
1645;0;13;0;1;0;1;148;0;0;5;0;13;0
1646;0;12;0;1;0;1;324;0;0;5;0;13;0
1647;0;2;0;1;0;1;251;0;0;2;0;2;0
1648;2;5;2;2;0;2;1130;0;1;3;2;5;0
1649;0;2;0;1;0;1;619;0;0;2;0;2;0
1650;0;8;0;1;0;1;75;0;0;4;0;8;0
1651;0;3;0;1;0;1;949;0;0;3;0;3;0
1652;0;1;0;1;0;0;0;0;0;1;0;1;0
1653;0;4;0;1;0;1;287;0;0;3;0;4;0
1654;0;13;0;1;0;1;166;0;0;5;0;13;0
1655;0;3;0;1;0;1;40;0;0;2;0;3;0
1656;0;7;0;1;0;1;168;0;0;4;0;7;0
1657;0;1;0;1;0;0;0;0;0;1;0;1;0
1658;40;1;23;1;1;0;0;4;2;1;40;1;1
1659;23;10;18;3;1;2;404;1;2;4;23;10;1
1660;0;5;0;2;0;2;323;0;0;2;0;5;0
1661;2;1;2;1;0;0;0;0;1;1;2;1;0
1662;0;4;0;1;0;1;655;0;0;3;0;4;0
1663;0;1;0;1;0;0;0;0;0;1;0;1;0
1664;0;33;0;2;0;2;1862;0;0;7;0;33;0
1665;0;8;0;2;0;2;654;0;0;3;0;8;0
1666;0;2;0;1;0;1;111;0;0;2;0;2;0
1667;0;5;0;1;0;1;73;0;0;3;0;5;0
1668;0;6;0;1;0;1;6;0;0;6;0;6;0
1669;16;16;16;3;0;3;649;0;1;4;16;16;0
1670;0;7;0;1;0;1;786;0;0;3;0;7;0
1671;10;1;10;1;0;0;0;0;1;1;10;1;0
1672;0;5;0;2;0;1;215;0;0;3;0;5;0
1673;0;5;0;1;0;1;155;0;0;3;0;5;0
1674;0;20;0;1;0;1;317;0;0;8;0;21;0
1675;0;5;0;1;0;1;457;0;0;3;0;5;0
1676;0;1;0;1;0;0;0;0;0;1;0;1;0
1677;0;9;0;2;0;2;331;0;0;3;0;9;0
1678;0;2;0;1;0;1;15;0;0;2;0;2;0
1679;12;4;8;2;1;2;226;1;2;2;12;4;1
1680;0;1;0;1;0;0;0;0;0;1;0;1;0
1681;1;5;1;1;0;1;170;0;1;3;1;6;0
1682;0;1;0;1;0;0;0;0;0;1;0;1;0
1683;1;1;1;1;0;0;0;0;1;1;1;1;0
1684;0;2;0;1;0;1;5;0;0;2;0;2;0
1685;0;3;0;1;0;1;209;0;0;3;0;3;0
1686;0;6;0;2;0;2;76;0;0;3;0;6;0
1687;0;8;0;2;0;1;294;0;0;5;0;8;0
1688;0;9;0;1;0;1;196;0;0;4;0;9;0
1689;0;6;0;1;0;1;951;0;0;4;0;6;0
1690;1;9;1;1;0;1;595;0;1;4;1;9;0
1691;0;6;0;1;0;1;300;0;0;4;0;6;0
1692;0;7;0;1;0;1;16;0;0;4;0;7;0
1693;0;3;0;1;0;1;113;0;0;2;0;3;0
1694;0;6;0;1;0;1;67;0;0;5;0;6;0
1695;0;6;0;1;0;1;180;0;0;3;0;6;0
1696;0;4;0;2;0;2;317;0;0;2;0;4;0
1697;0;4;0;1;0;1;248;0;0;3;0;4;0
1698;0;5;0;1;0;1;150;0;0;4;0;5;0
1699;26;3;26;1;0;1;293;0;1;2;26;3;0
1700;0;2;0;1;0;1;26;0;0;2;0;2;0
1701;0;6;0;1;0;1;50;0;0;5;0;6;0
1702;0;4;0;1;0;1;488;0;0;3;0;4;0
1703;0;5;0;2;0;2;58;0;0;2;0;5;0
1704;2;9;2;2;0;2;167;0;1;3;2;9;0
1705;0;12;0;2;0;2;178;0;0;5;0;12;0
1706;0;7;0;1;0;1;71;0;0;4;0;7;0
1707;0;6;0;1;0;1;1298;0;0;3;0;6;0
1708;0;9;0;2;0;2;280;0;0;3;0;9;0
1709;0;1;0;1;0;0;0;0;0;1;0;1;0
1710;0;6;0;1;0;1;97;0;0;4;0;6;0
1711;0;6;0;1;0;1;83;0;0;4;0;7;0
1712;0;5;0;1;0;1;230;0;0;3;0;5;0
1713;0;2;0;1;0;1;82;0;0;2;0;2;0
1714;0;6;0;1;0;1;136;0;0;4;0;6;0
1715;0;12;0;2;0;2;469;0;0;4;0;13;0
1716;0;5;0;1;0;1;83;0;0;3;0;5;0
1717;0;5;0;1;0;1;73;0;0;3;0;5;0
1718;29;4;22;3;1;1;135;5;2;2;29;4;1
1719;0;4;0;1;0;1;431;0;0;3;0;4;0
1720;21;7;15;2;1;1;636;1;2;3;21;7;1
1721;0;2;0;1;0;1;106;0;0;2;0;2;0
1722;0;6;0;1;0;1;295;0;0;4;0;6;0
1723;0;6;0;1;0;1;440;0;0;4;0;6;0
1724;0;10;0;1;0;1;560;0;0;4;0;10;0
1725;0;1;0;1;0;0;0;0;0;1;0;1;0
1726;0;6;0;1;0;1;59;0;0;4;0;6;0
1727;0;3;0;1;0;1;33;0;0;2;0;3;0
1728;0;4;0;1;0;1;28;0;0;3;0;4;0
1729;0;10;0;1;0;1;15;0;0;5;0;10;0
1730;0;7;0;1;0;1;223;0;0;4;0;7;0
1731;0;9;0;2;0;2;1046;0;0;4;0;10;0
1732;0;16;0;1;0;1;46;0;0;5;0;16;0
1733;0;2;0;1;0;1;31;0;0;2;0;2;0
1734;0;4;0;1;0;1;142;0;0;4;0;4;0
1735;0;1;0;1;0;0;0;0;0;1;0;1;0
1736;19;1;19;1;0;0;0;0;1;1;19;1;0
1737;0;10;0;1;0;1;651;0;0;4;0;10;0
1738;0;13;0;2;0;2;461;0;0;4;0;13;0
1739;0;5;0;1;0;1;105;0;0;3;0;5;0
1740;45;1;26;1;2;0;0;4;2;1;45;1;2
1741;0;16;0;2;0;2;950;0;0;4;0;16;0
1742;0;3;0;1;0;1;586;0;0;2;0;3;0
1743;0;6;0;1;0;1;575;0;0;4;0;7;0
1744;0;2;0;2;0;0;0;0;0;1;0;2;0
1745;0;13;0;2;0;2;398;0;0;4;0;14;0
1746;0;2;0;1;0;1;4;0;0;2;0;2;0
1747;0;3;0;1;0;1;32;0;0;2;0;3;0
1748;0;4;0;1;0;1;127;0;0;3;0;4;0
1749;0;1;0;1;0;0;0;0;0;1;0;1;0
1750;0;9;0;2;0;2;218;0;0;4;0;9;0
1751;0;1;0;1;0;0;0;0;0;1;0;1;0
1752;0;4;0;1;0;1;244;0;0;3;0;4;0
1753;0;5;0;1;0;1;193;0;0;2;0;5;0
1754;0;9;0;1;0;1;9;0;0;4;0;9;0
1755;0;3;0;1;0;1;265;0;0;3;0;3;0
1756;0;6;0;2;0;2;260;0;0;3;0;6;0
1757;0;2;0;1;0;1;67;0;0;2;0;2;0
1758;0;11;0;1;0;1;199;0;0;6;0;11;0
1759;0;1;0;1;0;0;0;0;0;1;0;1;0
1760;0;6;0;1;0;1;76;0;0;5;0;6;0
1761;0;9;0;1;0;1;11;0;0;5;0;9;0
1762;0;2;0;1;0;1;98;0;0;2;0;2;0
1763;0;4;0;1;0;1;48;0;0;4;0;4;0
1764;0;10;0;2;0;2;554;0;0;3;0;10;0
1765;0;4;0;2;0;1;28;0;0;2;0;4;0
1766;0;5;0;2;0;2;257;0;0;2;0;5;0
1767;0;9;0;2;0;2;1948;0;0;3;0;9;0
1768;0;3;0;1;0;1;17;0;0;2;0;3;0
1769;0;5;0;1;0;1;94;0;0;3;0;6;0
1770;0;16;0;2;0;2;176;0;0;4;0;17;0
1771;0;3;0;1;0;1;162;0;0;2;0;3;0
1772;0;4;0;1;0;1;258;0;0;3;0;4;0
1773;0;7;0;2;0;1;224;0;0;5;0;7;0
1774;0;7;0;2;0;2;427;0;0;3;0;7;0
1775;0;3;0;1;0;1;15;0;0;3;0;3;0
1776;0;15;0;1;0;1;29;0;0;5;0;15;0
1777;0;3;0;1;0;1;57;0;0;2;0;3;0
1778;0;1;0;1;0;0;0;0;0;1;0;1;0
1779;0;4;0;1;0;1;112;0;0;3;0;4;0
1780;0;7;0;1;0;1;236;0;0;3;0;7;0
1781;0;7;0;1;0;1;89;0;0;4;0;7;0
1782;0;9;0;2;0;1;788;0;0;4;0;9;0
1783;0;2;0;1;0;1;162;0;0;2;0;2;0
1784;0;5;0;1;0;1;530;0;0;4;0;5;0
1785;0;2;0;1;0;1;1654;0;0;2;0;2;0
1786;0;9;0;1;0;1;153;0;0;4;0;9;0
1787;13;2;13;2;0;0;0;0;1;1;13;2;0
1788;0;10;0;1;0;1;66;0;0;5;0;10;0
1789;0;6;0;2;0;2;40;0;0;3;0;6;0
1790;0;5;0;1;0;1;453;0;0;3;0;5;0
1791;0;3;0;1;0;1;446;0;0;2;0;4;0
1792;0;8;0;1;0;1;343;0;0;4;0;8;0
1793;0;12;0;1;0;1;66;0;0;5;0;12;0
1794;0;1;0;1;0;0;0;0;0;1;0;1;0
1795;0;1;0;1;0;0;0;0;0;1;0;1;0
1796;0;3;0;1;0;1;145;0;0;2;0;3;0
1797;0;3;0;1;0;1;171;0;0;3;0;3;0
1798;0;8;0;1;0;1;4;0;0;5;0;8;0
1799;0;12;0;2;0;2;300;0;0;4;0;13;0
1800;0;6;0;2;0;2;78;0;0;2;0;6;0
1801;0;4;0;1;0;1;26;0;0;4;0;4;0
1802;0;5;0;1;0;1;85;0;0;4;0;5;0
1803;0;5;0;1;0;1;368;0;0;4;0;5;0
1804;0;7;0;1;0;1;71;0;0;4;0;7;0
1805;0;13;0;1;0;1;40;0;0;5;0;13;0
1806;2;3;2;1;0;1;113;0;1;3;2;3;0
1807;0;12;0;2;0;2;100;0;0;4;0;13;0
1808;0;3;0;1;0;1;63;0;0;3;0;3;0
1809;0;5;0;1;0;1;51;0;0;4;0;6;0
1810;0;4;0;1;0;1;63;0;0;3;0;4;0
1811;3;8;3;2;0;2;585;0;1;4;3;8;0
1812;0;4;0;1;0;1;111;0;0;3;0;4;0
1813;0;2;0;1;0;1;36;0;0;2;0;2;0
1814;0;3;0;1;0;1;117;0;0;3;0;3;0
1815;0;8;0;1;0;1;117;0;0;5;0;8;0
1816;0;8;0;2;0;1;329;0;0;4;0;8;0
1817;0;2;0;2;0;0;0;0;0;1;0;2;0
1818;0;3;0;1;0;1;22;0;0;2;0;3;0
1819;0;0;0;0;0;0;0;0;0;0;0;0;0
1820;0;3;0;1;0;1;221;0;0;2;0;3;0
1821;0;2;0;1;0;1;387;0;0;2;0;2;0
1822;0;7;0;1;0;1;285;0;0;4;0;7;0
1823;0;5;0;1;0;1;88;0;0;4;0;5;0
1824;0;4;0;1;0;1;58;0;0;3;0;4;0
1825;0;11;0;1;0;1;162;0;0;5;0;11;0
1826;0;10;0;1;0;1;60;0;0;5;0;10;0
1827;0;5;0;1;0;1;142;0;0;3;0;5;0
1828;0;5;0;1;0;1;155;0;0;3;0;5;0
1829;0;11;0;1;0;1;69;0;0;4;0;11;0
1830;0;6;0;1;0;1;309;0;0;4;0;6;0
1831;0;3;0;1;0;1;19;0;0;3;0;3;0
1832;0;5;0;1;0;1;901;0;0;3;0;5;0
1833;0;4;0;1;0;1;207;0;0;2;0;4;0
1834;0;9;0;1;0;1;185;0;0;5;0;9;0
1835;0;3;0;1;0;1;24;0;0;3;0;3;0
1836;0;7;0;1;0;1;329;0;0;4;0;7;0
1837;0;3;0;1;0;1;29;0;0;3;0;3;0
1838;0;6;0;1;0;1;14;0;0;5;0;6;0
1839;0;2;0;1;0;1;3;0;0;2;0;2;0
1840;0;8;0;1;0;1;71;0;0;4;0;8;0
1841;0;9;0;2;0;2;192;0;0;4;0;9;0
1842;0;9;0;2;0;2;1306;0;0;4;0;10;0
1843;5;10;5;2;0;2;581;0;1;3;5;10;0
1844;0;7;0;1;0;1;237;0;0;4;0;7;0
1845;12;3;12;1;0;1;366;0;1;3;12;3;0
1846;2;14;1;2;1;2;107;2;2;4;2;14;1
1847;0;11;0;2;0;2;1037;0;0;4;0;11;0
1848;0;3;0;1;0;1;90;0;0;2;0;3;0
1849;0;6;0;1;0;1;22;0;0;4;0;6;0
1850;0;24;0;1;0;1;107;0;0;5;0;24;0
1851;50;1;5;1;2;0;0;26;3;1;50;1;2
1852;0;5;0;1;0;1;24;0;0;4;0;5;0
1853;0;7;0;1;0;1;931;0;0;4;0;7;0
1854;0;20;0;2;0;2;393;0;0;6;0;21;0
1855;0;4;0;1;0;1;52;0;0;3;0;4;0
1856;9;7;9;2;0;2;465;0;1;3;9;7;0
1857;0;2;0;1;0;1;199;0;0;2;0;2;0
1858;0;4;0;1;0;1;199;0;0;3;0;4;0
1859;0;3;0;1;0;1;60;0;0;2;0;3;0
1860;0;4;0;1;0;1;151;0;0;3;0;4;0
1861;0;11;0;1;0;1;1;0;0;6;0;12;0
1862;0;4;0;1;0;1;221;0;0;3;0;4;0
1863;0;9;0;3;0;2;204;0;0;3;0;10;0
1864;0;7;0;1;0;1;129;0;0;4;0;7;0
1865;0;2;0;1;0;1;53;0;0;2;0;2;0
1866;0;17;0;1;0;1;129;0;0;7;0;17;0
1867;0;2;0;1;0;1;26;0;0;2;0;2;0
1868;0;3;0;1;0;1;55;0;0;2;0;3;0
1869;0;8;0;2;0;1;117;0;0;5;0;9;0
1870;0;2;0;1;0;1;131;0;0;2;0;2;0
1871;0;4;0;1;0;1;114;0;0;3;0;4;0
1872;0;3;0;1;0;1;20;0;0;2;0;3;0
1873;0;10;0;1;0;1;436;0;0;5;0;10;0
1874;0;6;0;1;0;1;33;0;0;4;0;6;0
1875;0;22;0;1;0;1;356;0;0;7;0;22;0
1876;0;14;0;1;0;1;57;0;0;5;0;14;0
1877;0;10;0;2;0;2;887;0;0;3;0;10;0
1878;0;3;0;1;0;1;11;0;0;2;0;3;0
1879;0;5;0;1;0;1;19;0;0;3;0;5;0
1880;0;4;0;1;0;1;109;0;0;3;0;4;0
1881;0;7;0;1;0;1;374;0;0;5;0;7;0
1882;0;7;0;2;0;2;457;0;0;3;0;7;0
1883;1;1;1;1;0;0;0;0;1;1;1;1;0
1884;0;4;0;1;0;1;255;0;0;3;0;4;0
1885;0;3;0;1;0;1;4;0;0;3;0;3;0
1886;0;3;0;1;0;1;229;0;0;2;0;3;0
1887;0;10;0;1;0;1;342;0;0;6;0;10;0
1888;0;5;0;1;0;1;202;0;0;3;0;5;0
1889;0;3;0;1;0;1;416;0;0;3;0;3;0
1890;0;4;0;1;0;1;153;0;0;3;0;4;0
1891;0;18;0;2;0;2;431;0;0;5;0;19;0
1892;59;5;59;2;0;1;33;0;1;3;59;5;0
1893;0;13;0;2;0;2;277;0;0;5;0;13;0
1894;0;4;0;1;0;1;55;0;0;4;0;4;0
1895;0;9;0;2;0;2;661;0;0;4;0;9;0
1896;0;15;0;2;0;2;581;0;0;5;0;15;0
1897;0;5;0;1;0;1;1018;0;0;3;0;5;0
1898;0;27;0;1;0;1;132;0;0;7;0;28;0
1899;0;1;0;1;0;0;0;0;0;1;0;1;0
1900;0;5;0;2;0;2;227;0;0;3;0;5;0
1901;0;4;0;1;0;1;22;0;0;3;0;4;0
1902;0;8;0;1;0;1;436;0;0;4;0;8;0
1903;0;6;0;1;0;1;3;0;0;5;0;6;0
1904;0;8;0;1;0;1;417;0;0;4;0;8;0
1905;0;4;0;2;0;1;958;0;0;2;0;4;0
1906;2;4;2;1;0;1;288;0;1;3;2;4;0
1907;0;1;0;1;0;0;0;0;0;1;0;1;0
1908;0;4;0;1;0;1;32;0;0;3;0;4;0
1909;0;21;0;2;0;2;971;0;0;6;0;22;0
1910;0;5;0;1;0;1;201;0;0;4;0;5;0
1911;0;7;0;2;0;1;417;0;0;4;0;7;0
1912;0;4;0;1;0;1;68;0;0;3;0;4;0
1913;0;5;0;1;0;1;702;0;0;3;0;5;0
1914;0;11;0;1;0;1;257;0;0;5;0;11;0
1915;0;3;0;1;0;1;282;0;0;2;0;3;0
1916;0;3;0;1;0;1;73;0;0;2;0;3;0
1917;0;3;0;1;0;1;86;0;0;2;0;3;0
1918;0;4;0;1;0;1;29;0;0;3;0;4;0
1919;0;3;0;1;0;1;327;0;0;3;0;3;0
1920;0;10;0;1;0;1;213;0;0;5;0;10;0
1921;0;3;0;2;0;1;61;0;0;2;0;3;0
1922;0;5;0;1;0;1;110;0;0;4;0;5;0
1923;0;3;0;2;0;1;50;0;0;2;0;3;0
1924;0;3;0;1;0;1;56;0;0;3;0;3;0
1925;0;8;0;1;0;1;997;0;0;5;0;8;0
1926;0;3;0;1;0;1;36;0;0;2;0;3;0
1927;0;4;0;1;0;1;529;0;0;3;0;4;0
1928;4;12;4;3;0;2;87;0;1;5;4;13;0
1929;0;3;0;1;0;1;32;0;0;2;0;3;0
1930;0;2;0;1;0;1;345;0;0;2;0;2;0
1931;0;14;0;1;0;1;262;0;0;5;0;15;0
1932;0;9;0;1;0;1;470;0;0;6;0;9;0
1933;0;7;0;2;0;2;148;0;0;3;0;7;0
1934;0;3;0;1;0;1;19;0;0;2;0;3;0
1935;0;1;0;1;0;0;0;0;0;1;0;1;0
1936;0;6;0;1;0;1;117;0;0;5;0;7;0
1937;0;4;0;1;0;1;199;0;0;3;0;4;0
1938;0;5;0;2;0;2;77;0;0;4;0;6;0
1939;0;6;0;1;0;1;258;0;0;4;0;6;0
1940;0;3;0;1;0;1;40;0;0;2;0;3;0
1941;0;5;0;1;0;1;52;0;0;3;0;5;0
1942;0;2;0;2;0;0;0;0;0;1;0;2;0
1943;0;6;0;1;0;1;5;0;0;5;0;7;0
1944;0;1;0;1;0;0;0;0;0;1;0;1;0
1945;5;3;4;2;1;1;42;3;2;2;5;3;1
1946;0;5;0;1;0;1;12;0;0;4;0;5;0
1947;0;3;0;1;0;1;741;0;0;3;0;3;0
1948;0;2;0;1;0;1;22;0;0;2;0;2;0
1949;0;5;0;2;0;2;55;0;0;2;0;5;0
1950;0;1;0;1;0;0;0;0;0;1;0;1;0
1951;0;12;0;2;0;2;697;0;0;4;0;12;0
1952;0;9;0;1;0;1;180;0;0;4;0;9;0
1953;0;7;0;2;0;2;825;0;0;3;0;7;0
1954;0;2;0;1;0;1;60;0;0;2;0;2;0
1955;0;3;0;1;0;1;58;0;0;2;0;3;0
1956;0;13;0;2;0;2;854;0;0;5;0;13;0
1957;0;7;0;1;0;1;190;0;0;4;0;7;0
1958;0;2;0;1;0;1;90;0;0;2;0;2;0
1959;16;5;14;2;1;1;79;1;2;3;16;5;1
1960;0;4;0;1;0;1;97;0;0;3;0;4;0
1961;0;3;0;1;0;1;36;0;0;2;0;3;0
1962;0;7;0;1;0;1;144;0;0;3;0;7;0
1963;0;5;0;1;0;1;195;0;0;4;0;5;0
1964;0;4;0;1;0;1;133;0;0;3;0;4;0
1965;0;7;0;1;0;1;160;0;0;4;0;7;0
1966;0;7;0;1;0;1;263;0;0;4;0;7;0
1967;0;4;0;2;0;1;260;0;0;3;0;4;0
1968;4;4;4;2;0;1;56;0;1;2;4;4;0
1969;0;5;0;1;0;1;93;0;0;4;0;5;0
1970;89;1;35;1;4;0;0;7;2;1;89;1;3
1971;0;8;0;1;0;1;401;0;0;4;0;9;0
1972;1;4;1;2;0;1;40;0;1;2;1;4;0
1973;0;1;0;1;0;0;0;0;0;1;0;1;0
1974;0;1;0;1;0;0;0;0;0;1;0;1;0
1975;0;4;0;1;0;1;100;0;0;3;0;4;0
1976;0;7;0;1;0;1;346;0;0;4;0;7;0
1977;0;2;0;1;0;1;83;0;0;2;0;2;0
1978;0;9;0;1;0;1;82;0;0;4;0;9;0
1979;0;5;0;1;0;1;495;0;0;3;0;5;0
1980;0;5;0;1;0;1;91;0;0;4;0;5;0
1981;0;2;0;1;0;1;1;0;0;2;0;2;0
1982;0;3;0;1;0;1;31;0;0;2;0;3;0
1983;0;5;0;1;0;1;361;0;0;4;0;5;0
1984;0;5;0;1;0;1;161;0;0;4;0;5;0
1985;0;10;0;1;0;1;40;0;0;5;0;10;0
1986;51;2;18;2;6;0;0;13;3;1;52;2;3
1987;0;3;0;1;0;1;393;0;0;2;0;3;0
1988;0;8;0;1;0;1;32;0;0;6;0;8;0
1989;0;7;0;2;0;2;688;0;0;3;0;8;0
1990;13;18;13;2;0;2;611;0;1;4;13;19;0
1991;0;14;0;2;0;2;178;0;0;6;0;14;0
1992;0;5;0;1;0;1;420;0;0;3;0;5;0
1993;0;8;0;2;0;1;437;0;0;4;0;8;0
1994;2;4;2;1;0;1;160;0;1;3;2;4;0
1995;0;4;0;1;0;1;22;0;0;4;0;4;0
1996;2;5;2;1;0;1;99;0;1;3;2;5;0
1997;0;19;0;1;0;1;45;0;0;6;0;19;0
1998;0;4;0;1;0;1;28;0;0;3;0;4;0
1999;0;2;0;1;0;1;89;0;0;2;0;2;0
2000;30;2;16;2;2;0;0;4;2;1;30;2;1
2001;0;2;0;1;0;1;43;0;0;2;0;2;0
2002;0;3;0;1;0;1;213;0;0;2;0;3;0
2003;4;1;4;1;0;0;0;0;1;1;4;1;0
2004;0;2;0;1;0;1;19;0;0;2;0;2;0
2005;0;4;0;1;0;1;3;0;0;2;0;4;0
2006;0;4;0;1;0;1;130;0;0;3;0;4;0
2007;15;7;15;2;0;2;1851;0;1;3;15;7;0
2008;0;10;0;1;0;1;59;0;0;6;0;10;0
2009;16;9;16;2;0;2;766;0;1;4;16;9;0
2010;0;3;0;1;0;1;183;0;0;2;0;3;0
2011;0;7;0;1;0;1;74;0;0;5;0;7;0